{"type":"FeatureCollection","features":[{"type":"Feature","properties":{"cc":"AU","name":"Australia"},"geometry":{"type":"MultiLineString","coordinates":[[[129.002,-31.6927],[129.002,-14.8707]],[[129.002,-25.999],[138.002,-25.999],[138.0024,-16.5558]],[[138.002,-25.999],[141.0021,-25.999],[141.0257,-34.0432],[140.9681,-34.0052],[140.9663,-38.0714]],[[141.0021,-28.9989],[148.9743,-28.9985],[149.058,-28.9276],[149.0814,-28.8748],[149.4331,-28.6565],[149.4671,-28.6081],[149.5118,-28.5793],[149.5958,-28.5658],[149.677,-28.612],[149.8525,-28.6043],[150.1495,-28.5582],[150.3407,-28.5638],[150.4697,-28.6504],[150.7122,-28.6389],[150.8562,-28.6601],[150.9824,-28.71],[151.0497,-28.7582],[151.0578,-28.8048],[151.1181,-28.8514],[151.2308,-28.8977],[151.3028,-28.9818],[151.3346,-29.1043],[151.3928,-29.1393],[151.4774,-29.0874],[151.5285,-29.035],[151.5539,-28.9553],[151.7297,-28.8873],[151.7609,-28.9454],[151.8235,-28.9722],[151.8548,-28.9186],[151.9351,-28.9231],[152.0244,-28.8739],[152.069,-28.7042],[152.0066,-28.6374],[151.9664,-28.5345],[152.1628,-28.4364],[152.2163,-28.4364],[152.2922,-28.3874],[152.4128,-28.3426],[152.4931,-28.2623],[152.57,-28.3226],[152.6092,-28.2936],[152.7521,-28.3561],[152.8459,-28.3248],[153.1181,-28.3516],[153.194,-28.2578],[153.3816,-28.2355],[153.5153,-28.1444]],[[141.0257,-34.0432],[141.3176,-34.1116],[141.4699,-34.1829],[141.586,-34.1915],[141.6659,-34.1373],[141.761,-34.1116],[141.9264,-34.1168],[142.1577,-34.1733],[142.2524,-34.2232],[142.2873,-34.286],[142.3276,-34.3225],[142.3733,-34.3328],[142.3935,-34.3868],[142.3881,-34.4847],[142.4259,-34.5927],[142.5071,-34.7115],[142.5713,-34.7752],[142.6187,-34.7835],[142.6633,-34.7414],[142.7418,-34.5981],[142.7738,-34.5875],[142.8575,-34.655],[142.965,-34.6914],[143.2211,-34.7331],[143.3255,-34.788],[143.361,-34.8816],[143.3772,-35.1275],[143.4044,-35.1678],[143.5403,-35.2341],[143.5835,-35.2791],[143.5847,-35.3271],[143.7143,-35.4114],[144.1631,-35.6344],[144.2896,-35.7298],[144.3782,-35.8205],[144.4275,-35.9046],[144.5243,-35.9942],[144.6685,-36.088],[144.7992,-36.1256],[144.9164,-36.1069],[144.9648,-36.0745],[144.9439,-36.0286],[144.943,-35.978],[144.9617,-35.9224],[145.0082,-35.8839],[145.2245,-35.8457],[145.4324,-35.8347],[145.5883,-35.863],[145.6922,-35.931],[145.8153,-35.9773],[146.2163,-36.057],[146.3245,-36.0536],[146.4028,-36.0331],[146.4703,-35.9935],[146.5895,-36.0048],[146.896,-36.1],[147.0467,-36.106],[147.1001,-36.0502],[147.1572,-36.0356],[147.323,-36.0689],[147.4074,-35.9712],[147.458,-35.9544],[147.5017,-35.9586],[147.5381,-35.9838],[147.6743,-35.9537],[147.7625,-35.9557],[147.9312,-36.0187],[147.9749,-36.0457],[148.034,-36.1809],[148.1465,-36.5459],[148.1969,-36.6251],[148.1328,-36.7772],[149.9425,-37.5006]],[[150.6119,-35.19],[150.6359,-35.1464],[150.7057,-35.1196]],[[149.3681,-35.3561],[149.4038,-35.3293],[149.2565,-35.2713],[149.1941,-35.2177],[149.1896,-35.1775],[149.1048,-35.1464],[148.8281,-35.3116],[148.77,-35.4945],[148.7745,-35.6373],[148.7923,-35.7089],[148.8503,-35.7489],[148.8904,-35.7445],[148.8994,-35.8205],[148.9484,-35.8873],[149.0513,-35.9141],[149.1048,-35.8293],[149.0868,-35.6106],[149.1271,-35.5838],[149.1494,-35.508],[149.1406,-35.4409],[149.1851,-35.3829],[149.279,-35.3471],[149.3681,-35.3561]]]}},{"type":"Feature","properties":{"cc":"BR","name":"Brazil"},"geometry":{"type":"MultiLineString","coordinates":[[[-73.7968,-7.1168],[-72.6635,-7.5927],[-70.3732,-8.1552],[-69.8065,-8.4542],[-66.6277,-9.9255]],[[-66.8286,-9.8382],[-66.7438,-9.7488],[-66.6947,-9.7488],[-66.5966,-9.664],[-66.5028,-9.6327],[-66.4047,-9.5257],[-66.3957,-9.405],[-66.1054,-9.4186],[-65.9983,-9.4008],[-65.9313,-9.4141],[-65.7661,-9.5659],[-65.6768,-9.5346],[-65.6323,-9.4498],[-65.5252,-9.4141],[-65.4448,-9.4453],[-65.4181,-9.3918],[-65.2217,-9.2579],[-65.1992,-9.2667],[-65.1724,-9.374],[-65.092,-9.4363],[-65.0385,-9.4008],[-64.9046,-9.2131],[-64.9269,-9.1195],[-64.8866,-9.0615],[-64.7795,-8.9854],[-64.6902,-9.0212],[-64.5966,-9.0257],[-64.476,-8.9499],[-64.4179,-8.9721],[-64.3822,-8.9409],[-64.217,-8.9499],[-64.1189,-8.9364],[-64.1277,-8.6864],[-64.0742,-8.7132],[-63.9983,-8.6819],[-63.9225,-8.5345],[-63.9938,-8.4409],[-63.918,-8.3338],[-63.7528,-8.2845],[-63.7261,-8.1909],[-63.592,-8.1642],[-63.5877,-8.0793],[-63.5384,-7.9988],[-62.9046,-8.0078],[-62.8288,-8.0168],[-62.7214,-8.0613],[-62.6769,-8.1149],[-62.6366,-8.2222],[-62.5563,-8.2891],[-62.5385,-8.3606],[-62.4537,-8.3471],[-62.3734,-8.3829],[-62.3063,-8.5703],[-62.1724,-8.6106],[-62.1322,-8.7667],[-61.9983,-8.8115],[-61.918,-8.8738],[-61.8734,-8.8561],[-61.8376,-8.7445],[-61.7618,-8.7267],[-61.717,-8.6864],[-61.6099,-8.7222],[-61.6099,-8.7667],[-61.5073,-8.847],[-61.4848,-8.9141],[-61.5296,-8.9989],[-61.5564,-9.1283],[-61.5296,-9.2266],[-61.5922,-9.2399],[-61.6099,-9.3204],[-61.5474,-9.4095],[-61.5519,-9.4631],[-61.4806,-9.6372],[-61.5206,-9.7043],[-61.5654,-9.7266],[-61.5206,-9.8604],[-61.5341,-9.9945],[-61.5697,-10.0614],[-61.5654,-10.2623],[-61.4716,-10.4364],[-61.5028,-10.6864],[-61.4716,-10.7577],[-61.5206,-10.789],[-61.5073,-10.8784],[-61.5206,-10.9542],[-61.4716,-10.9989],[-60.4404,-11.0034],[-60.4404,-11.039],[-60.3823,-11.1016],[-60.2795,-11.0793],[-60.1769,-11.1195],[-60.0698,-11.115],[-60.0028,-11.1463],[-59.9089,-11.3828],[-60.025,-11.5347],[-60.1011,-11.6015],[-60.1011,-11.7444],[-60.0608,-11.9052],[-59.985,-11.9185],[-59.8867,-12.1284],[-59.8912,-12.2445],[-59.8241,-12.3872],[-59.9089,-12.6194],[-60.0028,-12.731],[-60.043,-12.8739],[-60.0831,-12.9274],[-60.1947,-12.9722],[-60.2707,-13.0703],[-60.275,-13.1373],[-60.3511,-13.2712],[-60.3823,-13.4186],[-60.6591,-13.6015],[-60.7248,-13.6629]],[[-61.6099,-8.7667],[-58.5475,-8.7489],[-58.4717,-8.6909],[-58.3544,-8.276],[-58.3288,-8.0505],[-58.3535,-7.9059],[-58.3303,-7.7801],[-58.2595,-7.6732],[-58.2239,-7.5747],[-58.2237,-7.4847],[-58.2019,-7.4145],[-58.1366,-7.3382],[-58.1463,-7.2635],[-58.3859,-6.9492],[-58.4554,-6.7939],[-58.4368,-6.6758],[-58.3744,-6.5705],[-58.293,-6.4989],[-56.3911,-2.3918],[-56.401,-2.3362],[-56.4849,-2.2489],[-56.4984,-2.1596],[-56.6368,-2.2221],[-56.7484,-2.1774],[-56.7439,-2.0525],[-56.8242,-2.0345],[-57.0073,-1.9364],[-57.0877,-1.8113],[-57.168,-1.7712],[-57.2483,-1.7577],[-57.2751,-1.7132],[-57.3376,-1.731],[-57.6547,-1.5881],[-57.8286,-1.4452],[-57.9001,-1.4229],[-57.9805,-1.3471],[-58.0831,-1.2981],[-58.2527,-1.1284],[-58.3153,-1.1194],[-58.3911,-1.0481],[-58.4404,-0.8604],[-58.5697,-0.7623],[-58.6278,-0.7668],[-58.7036,-0.6953],[-58.7484,-0.624],[-58.7394,-0.432],[-58.8555,-0.3515],[-58.8645,-0.1731],[-58.851,-0.0837],[-58.8688,0.2243],[-60.025,0.2243],[-60.1279,0.1307],[-60.1679,0.0056],[-60.217,-0.0435],[-60.2527,-0.1506],[-60.3108,-0.2354],[-60.3153,-0.307],[-60.3866,-0.4631],[-60.3911,-0.5211],[-60.3153,-0.6195],[-60.3063,-0.673],[-60.3376,-0.7043],[-60.4672,-0.7401],[-60.5162,-0.8292],[-60.6411,-0.8604],[-60.7349,-0.8517],[-60.8152,-0.6863],[-60.9046,-0.6105],[-60.9313,-0.5569],[-61.0607,-0.5302],[-61.1055,-0.4944],[-61.2216,-0.4989],[-61.2439,-0.5479],[-61.4581,-0.6372],[-61.5341,-0.7266],[-61.5787,-0.9453],[-61.5609,-1.0213],[-61.5742,-1.1417],[-61.6189,-1.2758],[-61.6198,-1.4495],[-61.7173,-1.4011],[-61.8808,-1.3892],[-61.9357,-1.2445],[-62.0296,-1.1462],[-62.1412,-1.0659],[-62.2037,-1.0436],[-62.2438,-0.9811],[-62.3153,-0.9453],[-62.4179,-0.8292],[-62.5072,-0.7711],[-62.476,-0.6953],[-62.3779,-0.7176],[-62.3108,-0.6418],[-62.3198,-0.5211],[-62.3689,-0.4676],[-62.3734,-0.3427],[-62.4046,-0.2712],[-62.476,-0.2221],[-62.5117,-0.1238],[-62.5698,-0.048],[-62.5788,0.0189],[-62.525,0.0949],[-62.5653,0.1752],[-62.5698,0.2466],[-62.534,0.3136],[-62.5295,0.4297],[-62.4895,0.4878],[-62.485,0.5413],[-62.5385,0.6752],[-62.534,0.7332],[-62.4447,0.8048],[-62.5117,0.9609],[-62.5162,1.0592],[-62.6233,1.4163],[-62.7214,1.4967],[-62.7885,1.6038],[-62.7127,1.7376],[-62.7304,1.8315],[-62.6904,1.9118],[-62.7082,1.9475],[-62.8465,2.0189],[-63.0027,2.0189],[-63.1233,2.1127],[-63.1501,2.1798],[-63.3064,2.1663],[-63.3937,2.2241]],[[-58.8688,0.2243],[-58.9664,1.3025]],[[-58.1366,-7.3382],[-58.0608,-7.4095],[-57.9805,-7.5301],[-57.9492,-7.6195],[-57.8956,-7.6908],[-57.7795,-8.0481],[-57.6412,-8.231],[-57.6814,-8.4364],[-57.6502,-8.499],[-57.6412,-8.6151],[-57.5786,-8.7579],[-57.4805,-8.7935],[-57.2974,-8.9586],[-57.1009,-9.0525],[-57.0832,-9.0793],[-57.0742,-9.1863],[-57.0474,-9.2311],[-56.8377,-9.2712],[-56.7706,-9.3963],[-56.6768,-9.3783],[-56.4894,-9.4676],[-55.0921,-9.5659],[-50.2348,-9.8427],[-50.1752,-9.7302],[-50.0841,-9.4219],[-49.9792,-9.2201],[-49.8298,-9.0221],[-49.7079,-8.895],[-49.6129,-8.8392],[-49.5027,-8.7087],[-49.2826,-8.3014],[-49.19,-7.995],[-49.1724,-7.8674],[-49.2203,-7.7522],[-49.3339,-7.6491],[-49.3405,-7.5101],[-49.2397,-7.3348],[-49.1951,-7.1686],[-49.2097,-7.0057],[-49.0795,-6.8562],[-48.8054,-6.7183],[-48.6529,-6.5957],[-48.622,-6.4886],[-48.58,-6.4141],[-48.5273,-6.3723],[-48.4706,-6.3534],[-48.4101,-6.3577],[-48.3912,-6.3088],[-48.4137,-6.2073],[-48.3898,-6.1419],[-48.3194,-6.1124],[-48.2967,-6.0674],[-48.3212,-6.0066],[-48.307,-5.9659],[-48.2544,-5.9452],[-48.2454,-5.8885],[-48.28,-5.7958],[-48.2587,-5.7236],[-48.1813,-5.6721],[-48.1592,-5.6192],[-48.1927,-5.5654],[-48.2314,-5.5332],[-48.2753,-5.5225],[-48.357,-5.4243],[-48.4216,-5.3985],[-48.5975,-5.3987],[-48.7215,-5.3559],[-48.7305,-5.3382],[-47.8019,-4.597],[-47.6545,-4.606],[-47.5832,-4.548],[-47.4894,-4.4231],[-47.4581,-4.3383],[-47.3823,-4.2757],[-47.333,-4.1641],[-47.3107,-4.0658],[-47.2885,-4.0793],[-47.0653,-3.8426],[-47.0295,-3.5704],[-46.9669,-3.5258],[-46.9447,-3.3962],[-46.8598,-3.3291],[-46.8243,-3.3291],[-46.6679,-3.0927],[-46.6367,-2.9856],[-46.6501,-2.914],[-46.5741,-2.8472],[-46.6679,-2.7399],[-46.6009,-2.6641],[-46.5073,-2.615],[-46.485,-2.5479],[-46.4269,-2.5124],[-46.4357,-2.4096],[-46.4089,-2.3873],[-46.4134,-2.2399],[-46.3777,-2.2534],[-46.2796,-2.1418],[-46.2125,-1.9274],[-46.217,-1.807],[-46.3018,-1.8025],[-46.3153,-1.731],[-46.2438,-1.7222],[-46.1992,-1.6774],[-46.1812,-1.5748],[-46.1992,-1.4855],[-46.1232,-1.3471],[-46.159,-1.3159],[-46.1412,-1.24],[-46.0071,-1.1469]],[[-54.7148,2.425],[-54.7348,2.4162],[-54.7171,2.2646],[-54.7884,2.1305],[-54.7528,2.0814],[-54.7929,2.0101],[-54.7616,1.9698],[-54.7661,1.8985],[-54.7348,1.7734],[-54.5787,1.7824],[-54.4984,1.7466],[-54.3645,1.7601],[-54.2036,1.6573],[-54.1723,1.6573],[-54.0832,1.5412],[-54.0787,1.5057],[-54.0072,1.5234],[-53.9224,1.4609],[-53.8911,1.4073],[-53.7572,1.3941],[-53.7394,1.4341],[-53.6591,1.4208],[-53.6501,1.3628],[-53.5563,1.3673],[-53.5385,1.2422],[-53.4402,1.26],[-53.4089,1.1841],[-53.467,1.1529],[-53.4179,0.9432],[-53.2663,0.7823],[-53.1322,0.751],[-53.1144,0.72],[-53.1412,0.5368],[-53.1277,0.3849],[-53.0428,0.2466],[-53.0073,0.135],[-53.0161,0.0546],[-52.9135,-0.1909],[-52.8286,-0.1818],[-52.6993,-0.3025],[-52.6277,-0.3963],[-52.6322,-0.5569],[-52.6054,-0.6105],[-52.5251,-0.6462],[-52.5073,-0.7311],[-52.5161,-0.8739],[-52.4,-0.8695],[-52.3687,-0.923],[-52.3912,-0.9543],[-52.36,-1.0704],[-52.2394,-1.1462],[-52.1323,-1.1507],[-52.0519,-1.1775],[-51.9849,-1.1417],[-51.8881,-1.1604]],[[-48.7219,-5.355],[-48.6306,-5.3303],[-48.5743,-5.2882],[-48.5235,-5.2205],[-48.4582,-5.1809],[-48.3781,-5.1694],[-48.2816,-5.1895],[-48.1689,-5.2407],[-48.0595,-5.263],[-47.9531,-5.2563],[-47.8845,-5.2855],[-47.8539,-5.3508],[-47.7632,-5.4073],[-47.6125,-5.455],[-47.52,-5.5065],[-47.4858,-5.5611],[-47.3971,-6.0723],[-47.4055,-6.4211],[-47.4705,-6.7959],[-47.5371,-7.0273],[-47.6057,-7.1148],[-47.6653,-7.1672],[-47.716,-7.1848],[-47.7171,-7.2221],[-47.6689,-7.2797],[-47.6118,-7.3015],[-47.5459,-7.2876],[-47.5069,-7.3058],[-47.4984,-7.4498],[-47.4581,-7.5346],[-47.4136,-7.5301],[-47.3465,-7.6597],[-47.3035,-7.6629],[-47.2795,-7.7311],[-47.1501,-7.8561],[-47.0785,-7.9765],[-47.0162,-8.0436],[-46.9849,-8.0391],[-46.8688,-7.9587],[-46.7437,-7.923],[-46.5741,-7.9052],[-46.4893,-7.9632],[-46.467,-8.0704],[-46.5028,-8.1729],[-46.5073,-8.2758],[-46.543,-8.3203],[-46.5028,-8.3961],[-46.6589,-8.3961],[-46.793,-8.4364],[-46.8376,-8.4855],[-46.8821,-8.5838],[-46.9224,-8.7445],[-46.9046,-8.8293],[-47.0653,-8.9766],[-47.083,-9.0347],[-47.0385,-9.066],[-46.9402,-9.0702],[-46.8466,-9.1686],[-46.8286,-9.307],[-46.7527,-9.4095],[-46.5608,-9.4989],[-46.534,-9.5569],[-46.6009,-9.6507],[-46.6501,-9.664],[-46.6679,-9.7443],[-46.5073,-9.8559],[-46.4625,-9.9498],[-46.4715,-10.0033],[-46.3466,-10.1685],[-46.2841,-10.1865],[-46.1902,-10.1775],[-46.0876,-10.2087],[-46.0341,-10.2713],[-45.9448,-10.3159],[-45.7571,-10.3293],[-45.8599,-10.4677],[-46.0384,-10.5703],[-46.0876,-10.5838],[-46.3018,-10.7577],[-46.2348,-10.8829],[-46.2483,-10.9141],[-46.3689,-10.9677],[-46.4625,-11.1776],[-46.5295,-11.2354],[-46.5698,-11.316],[-46.5518,-11.3783],[-46.4893,-11.4141],[-46.4269,-11.4989],[-46.1902,-11.5434],[-46.0831,-11.6015],[-46.1054,-11.6641],[-46.2438,-11.7266],[-46.2751,-11.7669],[-46.2483,-11.8427],[-46.159,-11.8337],[-46.1009,-11.865],[-46.0786,-11.9275],[-46.2125,-11.9988],[-46.2483,-12.0481],[-46.3241,-12.0927],[-46.3376,-12.1284],[-46.3466,-12.3427],[-46.3153,-12.423],[-46.159,-12.5033],[-46.159,-12.6016],[-46.2348,-12.7132],[-46.2348,-12.798],[-46.3018,-12.8338],[-46.4357,-12.8471],[-46.5921,-12.8919],[-46.6456,-12.9229],[-46.7527,-13.0348],[-46.8286,-13.0703],[-46.9714,-13.0703],[-47.092,-13.0971],[-47.293,-13.1999],[-47.4403,-13.2489],[-47.5564,-13.2445],[-47.641,-13.1151],[-47.7216,-13.1506],[-47.659,-13.3203],[-47.6813,-13.3561],[-47.8555,-13.2935],[-47.9358,-13.2445],[-48.0028,-13.2489],[-48.0742,-13.1954],[-48.175,-13.1808],[-48.1637,-13.1025],[-48.226,-13.0926],[-48.3689,-13.1864],[-48.4805,-13.1954],[-48.5876,-13.1551],[-48.6544,-13.1774],[-48.6857,-13.3383],[-48.7393,-13.3828],[-48.775,-13.3516],[-48.7663,-13.0971],[-48.8018,-12.999],[-48.7973,-12.9274],[-48.8241,-12.8739],[-48.9269,-12.7845],[-48.9982,-12.749],[-49.0162,-12.6552],[-49.1366,-12.7355],[-49.3598,-13.1329],[-49.3823,-13.2489],[-49.5207,-13.1999],[-49.6858,-13.1774],[-49.9135,-13.0703],[-49.9716,-13.0257],[-50.0519,-13.0212],[-50.2393,-12.9319],[-50.2706,-12.8919],[-50.2751,-12.7891],[-50.1993,-12.6552],[-50.2036,-12.5704],[-50.1367,-12.4765],[-50.1637,-12.3877],[-50.2956,-12.49],[-50.3923,-12.6171],[-50.4848,-12.8426],[-50.566,-12.8196],[-50.614,-12.7634],[-50.6554,-12.6669],[-50.6605,-12.5582],[-50.6293,-12.4374],[-50.6317,-12.2886],[-50.6675,-12.112],[-50.6747,-11.9901],[-50.6536,-11.9223],[-50.6614,-11.8535],[-50.7175,-11.7491],[-50.6657,-11.6519],[-50.6713,-11.5738],[-50.7166,-11.4827],[-50.708,-11.3457],[-50.6452,-11.1627],[-50.6104,-11.001],[-50.5991,-10.6898],[-50.4547,-10.3885],[-50.4027,-10.2582],[-50.3953,-10.1768],[-50.3374,-10.0344],[-50.2348,-9.8427]],[[-57.7532,-17.7348],[-57.6322,-17.74],[-57.6009,-17.816],[-57.4938,-17.8695],[-57.4715,-17.9006],[-57.3698,-17.8756],[-57.1986,-17.8124],[-57.0798,-17.7343],[-56.9801,-17.5948],[-56.8874,-17.5179],[-56.7452,-17.317],[-56.4894,-17.3025],[-56.4358,-17.3203],[-56.3287,-17.2845],[-56.2484,-17.2177],[-56.101,-17.1864],[-56.025,-17.2132],[-55.9849,-17.2668],[-55.8331,-17.3113],[-55.7885,-17.3516],[-55.6099,-17.3919],[-55.534,-17.5035],[-55.3376,-17.5838],[-55.1812,-17.6864],[-54.9,-17.6506],[-54.8109,-17.6016],[-54.7796,-17.557],[-54.6993,-17.5168],[-54.5251,-17.5123],[-54.4223,-17.5793],[-54.3913,-17.6731],[-54.3197,-17.6731],[-54.2349,-17.6373],[-54.1456,-17.6284],[-54.0832,-17.5883],[-54.0385,-17.5123],[-53.9492,-17.4587],[-53.8198,-17.307],[-53.7439,-17.2535],[-53.6814,-17.2578],[-53.7527,-17.6418],[-53.8598,-17.6909],[-53.9894,-17.9006],[-53.9759,-17.9319],[-53.8688,-17.9454],[-53.7259,-18.0079],[-53.6053,-17.9944],[-53.4937,-18.0124],[-53.3063,-17.9989],[-53.1457,-18.0302],[-53.0518,-18.0167],[-53.0428,-18.0973],[-53.0563,-18.2937],[-53.0341,-18.356],[-52.9893,-18.3873],[-52.909,-18.3472],[-52.7841,-18.3918],[-52.7886,-18.4631],[-52.8464,-18.5346],[-52.8912,-18.6373],[-52.8689,-18.682],[-52.6144,-18.7221],[-52.4983,-18.7043],[-52.342,-18.8159],[-52.2706,-18.8114],[-52.0965,-18.8962],[-52.0607,-18.9453],[-51.9136,-18.99],[-51.842,-19.0481],[-51.6411,-19.1284],[-51.4046,-19.1685],[-51.3108,-19.2533],[-51.1367,-19.2846],[-51.034,-19.3694],[-50.9643,-19.5114],[-50.9976,-19.6639],[-50.9938,-20.1016],[-51.064,-20.223],[-51.1607,-20.3065],[-51.397,-20.4418],[-51.5342,-20.5576],[-51.5932,-20.6665],[-51.619,-20.8069],[-51.6919,-20.9437],[-51.8114,-21.0771],[-51.8663,-21.1827],[-51.8567,-21.2601],[-51.8728,-21.3298],[-51.9547,-21.4695],[-52.0477,-21.5109],[-52.0726,-21.5541],[-52.065,-21.6228],[-52.1226,-21.7182],[-52.2457,-21.8404],[-52.3388,-21.9573],[-52.4025,-22.0692],[-52.5661,-22.2073],[-52.9607,-22.4548],[-53.1162,-22.64],[-53.2723,-22.752],[-53.4807,-22.8524],[-53.62,-23.0011],[-53.6773,-23.1735],[-53.7712,-23.3222],[-53.9075,-23.407],[-53.9955,-23.5702],[-54.0502,-23.8228],[-54.1246,-23.9785],[-54.2425,-24.0469]],[[-50.9643,-19.5114],[-50.9238,-19.4641],[-50.8808,-19.4592],[-50.8642,-19.4378],[-50.8689,-19.3775],[-50.8439,-19.3109],[-50.7919,-19.2384],[-50.7132,-19.1606],[-50.6419,-19.1185],[-50.5775,-19.1122],[-50.5316,-19.087],[-50.4898,-19.0204],[-50.499,-18.9532],[-50.4576,-18.8766],[-50.3683,-18.7686],[-50.247,-18.6901],[-49.9601,-18.6163],[-49.678,-18.6001],[-49.6118,-18.5668],[-49.5533,-18.5101],[-49.4883,-18.522],[-49.4167,-18.6028],[-49.3366,-18.5848],[-49.1794,-18.4048],[-48.9537,-18.3259],[-48.2269,-18.3402],[-48.0179,-18.4345],[-47.9288,-18.4453],[-47.7862,-18.3794],[-47.2795,-18.0615],[-47.3555,-17.8248],[-47.3287,-17.7445],[-47.2707,-17.6686],[-47.2885,-17.548],[-47.4091,-17.499],[-47.4581,-17.5257],[-47.5294,-17.4542],[-47.4984,-17.3293],[-47.4536,-17.3471],[-47.4223,-17.2713],[-47.3107,-17.1419],[-47.2126,-17.0748],[-47.2304,-17.0258],[-47.1501,-16.9765],[-47.1591,-16.9185],[-47.2662,-16.6597],[-47.4046,-16.5704],[-47.4536,-16.4943],[-47.4313,-16.4098],[-47.351,-16.3024],[-47.3242,-16.2266],[-47.3375,-16.1463],[-47.302,-16.0392],[-48.2528,-16.0302],[-48.2348,-15.9588],[-48.2796,-15.8382],[-48.2038,-15.7354],[-48.2393,-15.6909],[-48.1813,-15.49],[-47.4223,-15.4989],[-47.4136,-15.5347],[-47.3062,-15.5883],[-47.3062,-15.7086],[-47.351,-15.8337],[-47.3598,-15.9856],[-47.302,-16.0392],[-47.2304,-16.0347],[-47.1278,-15.9231],[-47.0785,-15.9363],[-46.8643,-15.8828],[-46.8331,-15.8427],[-46.8688,-15.5928],[-46.9314,-15.5435],[-46.9359,-15.4319],[-46.8553,-15.3248],[-46.8911,-15.24],[-46.9314,-15.2267],[-46.8911,-15.048],[-46.8331,-15.0123],[-46.735,-15.0168],[-46.6367,-15.0703],[-46.5473,-15.0391],[-46.5786,-14.9142],[-46.5563,-14.8694],[-46.5831,-14.7936],[-46.516,-14.7132],[-46.3867,-14.7713],[-46.3153,-14.8471],[-46.2973,-14.9097],[-46.1902,-14.9364],[-46.0786,-14.9229],[-45.9313,-14.749],[-45.9135,-14.691],[-45.9625,-14.5346],[-45.9625,-14.4678],[-45.9225,-14.3517],[-46.0116,-14.2981],[-46.0384,-14.2534],[-46.1277,-14.182],[-46.2215,-13.9989],[-46.2618,-13.8695],[-46.2706,-13.6551],[-46.1857,-13.4051],[-46.0964,-13.3516],[-46.0831,-13.2534],[-46.177,-13.2177],[-46.1812,-13.1596],[-46.1502,-13.0257],[-46.0742,-12.9767],[-46.0876,-12.9141],[-46.2348,-12.798]],[[-50.9938,-20.1016],[-50.584,-19.8212],[-50.4886,-19.7908],[-50.4337,-19.8003],[-50.3644,-19.8586],[-49.2784,-19.987],[-49.2588,-20.017],[-49.288,-20.0736],[-49.2835,-20.1486],[-49.1998,-20.2944],[-49.1663,-20.295],[-49.1128,-20.2593],[-49.0396,-20.1873],[-48.9946,-20.2136],[-48.978,-20.3382],[-48.9526,-20.41],[-48.9184,-20.4291],[-48.8869,-20.37],[-48.8583,-20.2327],[-48.8119,-20.1589],[-48.7156,-20.1439],[-48.3637,-20.1382],[-48.2533,-20.093],[-48.1783,-20.0829],[-48.1095,-20.1166],[-48.0512,-20.1202],[-47.9911,-20.0829],[-47.9088,-20.0818],[-47.8618,-20.0557],[-47.8602,-20.012],[-47.8186,-19.9807],[-47.6955,-19.9911],[-47.6559,-20.0228],[-47.5177,-19.9942],[-47.4599,-20.001],[-47.2444,-20.174],[-47.2349,-20.2044],[-47.293,-20.4231],[-47.2527,-20.4766],[-47.1546,-20.5257],[-47.1098,-20.6328],[-47.2126,-20.8069],[-47.2214,-20.914],[-47.1456,-20.9811],[-47.1233,-21.1329],[-47.0563,-21.1953],[-46.9939,-21.3427],[-47.0027,-21.4007],[-46.8956,-21.4052],[-46.8153,-21.3607],[-46.6857,-21.3962],[-46.6546,-21.3739],[-46.6054,-21.4275],[-46.5073,-21.4587],[-46.4938,-21.5258],[-46.5608,-21.6729],[-46.6054,-21.682],[-46.6279,-21.7713],[-46.6679,-21.8116],[-46.6589,-21.9052],[-46.6189,-21.9855],[-46.6589,-22.0525],[-46.6009,-22.1329],[-46.6634,-22.2044],[-46.6992,-22.3203],[-46.6411,-22.4096],[-46.5473,-22.4409],[-46.543,-22.4721],[-46.4537,-22.5167],[-46.3957,-22.615],[-46.4715,-22.6821],[-46.3689,-22.7489],[-46.3599,-22.8427],[-46.2886,-22.8828],[-46.1545,-22.8472],[-46.1457,-22.8918],[-46.0206,-22.874],[-45.909,-22.8204],[-45.8599,-22.8605],[-45.7929,-22.8517],[-45.7438,-22.7979],[-45.7438,-22.7266],[-45.8019,-22.6998],[-45.6723,-22.6195],[-45.5832,-22.615],[-45.5296,-22.6508],[-45.4709,-22.6116],[-45.409,-22.6463],[-45.2707,-22.606],[-45.2439,-22.5615],[-45.0562,-22.4677],[-44.9224,-22.4499],[-44.833,-22.4051],[-44.7707,-22.4231],[-44.6501,-22.5615],[-44.6366,-22.6015],[-44.5385,-22.6195],[-44.217,-22.5927],[-44.1679,-22.6998],[-44.2483,-22.7489],[-44.275,-22.8204],[-44.3599,-22.856],[-44.4715,-22.8517],[-44.5876,-22.8785],[-44.7259,-22.9366],[-44.7975,-22.9901],[-44.8063,-23.1373],[-44.8643,-23.2043],[-44.7829,-23.3539]],[[-53.1162,-22.64],[-53.0444,-22.6364],[-52.9492,-22.5705],[-52.6948,-22.6015],[-52.6144,-22.5705],[-52.5206,-22.615],[-52.4448,-22.6015],[-52.3152,-22.6195],[-52.2617,-22.6015],[-52.2171,-22.6418],[-52.1635,-22.6015],[-52.1413,-22.5435],[-52.0652,-22.5212],[-51.8733,-22.6105],[-51.7439,-22.6195],[-51.6946,-22.6641],[-51.6411,-22.6508],[-51.5475,-22.6864],[-51.3553,-22.6508],[-51.1814,-22.7399],[-50.8822,-22.8204],[-50.7841,-22.9453],[-50.726,-22.9498],[-50.6277,-22.923],[-50.4313,-22.9453],[-50.3689,-22.9141],[-50.2929,-22.9543],[-49.9716,-22.9141],[-49.9581,-22.9633],[-49.9135,-22.9856],[-49.909,-23.0346],[-49.7304,-23.106],[-49.6368,-23.2579],[-49.6143,-23.4097],[-49.6546,-23.5078],[-49.6055,-23.6417],[-49.552,-23.7132],[-49.5697,-23.8339],[-49.601,-23.8649],[-49.4091,-24.0838],[-49.333,-24.1419],[-49.3375,-24.2132],[-49.275,-24.3158],[-49.2259,-24.3383],[-49.2394,-24.4186],[-49.3108,-24.5302],[-49.2975,-24.6641],[-49.2169,-24.6909],[-48.8286,-24.6641],[-48.7795,-24.6954],[-48.6144,-24.6819],[-48.4893,-24.7444],[-48.5428,-24.8115],[-48.5653,-25.057],[-48.5118,-25.0837],[-48.4135,-24.9589],[-48.2661,-25.0347],[-48.2305,-25.0124],[-48.1858,-25.1908],[-48.0919,-25.2356],[-48.0775,-25.2903]],[[-53.0518,-18.0167],[-53.1151,-17.8549],[-53.2114,-17.4092],[-53.2026,-17.3041],[-53.1583,-17.2087],[-53.0779,-17.0946],[-53.0332,-16.9952],[-53.0242,-16.9104],[-52.9427,-16.8136],[-52.789,-16.705],[-52.6799,-16.576],[-52.6144,-16.4275],[-52.6813,-16.3605],[-52.668,-16.2891],[-52.5341,-16.2266],[-52.5384,-16.1686],[-52.3618,-16.0583],[-52.2567,-15.9357],[-52.1424,-15.8727],[-51.9615,-15.8191],[-51.8474,-15.7471],[-51.7788,-15.5928],[-51.7882,-15.557],[-51.7727,-15.5228],[-51.732,-15.4904],[-51.696,-15.4033],[-51.6647,-15.2614],[-51.5898,-15.1414],[-51.4714,-15.0442],[-51.2462,-15.0044],[-51.1886,-14.9765],[-51.1144,-14.8379],[-50.9776,-14.4633],[-50.9411,-14.2009],[-50.9085,-14.1073],[-50.8675,-14.0952],[-50.8518,-13.995],[-50.8606,-13.8061],[-50.7996,-13.6119],[-50.6666,-13.4096],[-50.5984,-13.2494],[-50.5951,-13.1308],[-50.566,-13.0147],[-50.4848,-12.8426]],[[-48.5854,-25.9862],[-48.6502,-25.9723],[-48.9179,-25.9765],[-48.9447,-26.0078],[-49.1098,-25.9945],[-49.2127,-26.0303],[-49.2975,-26.1061],[-49.4536,-26.1687],[-49.4894,-26.2222],[-49.5965,-26.2222],[-49.7216,-26.1597],[-49.8823,-26.0391],[-49.9491,-26.0123],[-50.1903,-26.0526],[-50.3152,-26.0526],[-50.3692,-26.0859],[-50.458,-26.0258],[-50.5429,-26.0258],[-50.6457,-26.0704],[-50.735,-26.231],[-50.7706,-26.2222],[-50.9002,-26.2803],[-50.9447,-26.2445],[-51.0741,-26.2355],[-51.2482,-26.3471],[-51.2885,-26.4232],[-51.2795,-26.499],[-51.2395,-26.6061],[-51.284,-26.6509],[-51.4224,-26.6999],[-51.5027,-26.6016],[-51.8733,-26.6016],[-52.0072,-26.5838],[-52.1991,-26.4499],[-52.4581,-26.4319],[-52.5429,-26.4007],[-52.6412,-26.4007],[-52.6725,-26.3784],[-52.8154,-26.3383],[-52.9135,-26.3651],[-52.9938,-26.3516],[-53.1234,-26.3696],[-53.2795,-26.2623],[-53.3554,-26.24],[-53.4582,-26.2891],[-53.6699,-26.258]],[[-46.0251,-14.8694],[-45.976,-14.9855],[-46.0742,-15.249],[-45.967,-15.1864],[-45.9268,-15.1284],[-45.7661,-15.1461],[-45.7126,-15.1239],[-45.5519,-14.9364],[-45.4626,-14.9409],[-45.3197,-14.8561],[-45.2259,-14.74],[-45.101,-14.7177],[-44.8823,-14.5971],[-44.8375,-14.5168],[-44.5608,-14.3472],[-44.3198,-14.2443],[-44.2125,-14.2401],[-44.1589,-14.2713],[-43.8376,-14.3159],[-43.7814,-14.3429],[-43.8608,-14.5344],[-43.8795,-14.6246],[-43.8242,-14.6952],[-43.4938,-14.7891],[-43.4493,-14.7801],[-43.3867,-14.6998],[-43.2304,-14.6374],[-42.9536,-14.6775],[-42.8911,-14.749],[-42.6323,-14.9409],[-42.5785,-14.932],[-42.4314,-15.0345],[-42.2617,-15.1061],[-42.1769,-15.1061],[-42.0876,-15.1819],[-41.9402,-15.1729],[-41.8018,-15.1106],[-41.3599,-15.4945],[-41.3332,-15.7177],[-41.159,-15.7802],[-41.0296,-15.7354],[-40.9448,-15.6731],[-40.891,-15.6954],[-40.8287,-15.6819],[-40.7617,-15.7399],[-40.6678,-15.7177],[-40.5742,-15.7579],[-40.534,-15.798],[-40.4759,-15.7757],[-40.3285,-15.8248],[-40.2349,-15.8202],[-40.1679,-15.8963],[-40.1321,-15.8918],[-40.0027,-15.9944],[-39.9357,-15.9989],[-39.8644,-16.1105],[-39.9402,-16.3114],[-40.0563,-16.3962],[-40.1321,-16.5034],[-40.1366,-16.5436],[-40.2527,-16.5659],[-40.275,-16.615],[-40.284,-16.7445],[-40.2437,-16.8336],[-40.2975,-16.8784],[-40.4714,-16.8694],[-40.525,-16.932],[-40.5742,-17.1329],[-40.5652,-17.2623],[-40.6055,-17.3113],[-40.6098,-17.3919],[-40.4982,-17.4186],[-40.4804,-17.557],[-40.4134,-17.557],[-40.3823,-17.6239],[-40.284,-17.7177],[-40.2082,-17.7667],[-40.1859,-17.816],[-40.2304,-17.9186],[-40.2082,-17.9766],[-40.4269,-17.8918],[-40.4759,-17.9276],[-40.534,-17.9006],[-40.6678,-17.9544],[-40.7259,-17.9454],[-40.7884,-17.9721],[-40.909,-17.9721],[-40.7752,-18.0927],[-40.7662,-18.1373],[-40.8375,-18.1508],[-40.9135,-18.1015],[-41.0161,-18.1731],[-41.0607,-18.1776],[-41.1412,-18.2979],[-41.1277,-18.3337],[-41.0251,-18.4053],[-41.0026,-18.4543],[-41.0296,-18.6373],[-40.9268,-18.6953],[-40.9313,-18.8069],[-41.092,-18.8294],[-41.1948,-18.8069],[-41.2348,-18.8517],[-41.1635,-18.9052],[-41.1055,-18.8872],[-41.0251,-18.9811],[-41.0519,-19.0346],[-40.9448,-19.1462],[-40.9268,-19.2936],[-40.9581,-19.4722],[-41.0474,-19.49],[-41.0296,-19.548],[-41.159,-19.6596],[-41.1858,-19.8651],[-41.3064,-19.9544],[-41.3644,-20.1864],[-41.4045,-20.2132],[-41.717,-20.2086],[-41.8554,-20.3695],[-41.7973,-20.4276],[-41.7973,-20.5347],[-41.8509,-20.624],[-41.8108,-20.6463],[-41.8822,-20.7579],[-41.8644,-20.7757],[-41.9269,-20.8292],[-41.9625,-20.9098],[-41.9983,-20.932],[-42.0966,-20.923],[-42.1411,-20.9633],[-42.0966,-21.0034],[-42.1814,-21.164],[-42.2215,-21.3382],[-42.2973,-21.4052],[-42.3018,-21.4855],[-42.3643,-21.5926],[-42.3688,-21.6329],[-42.284,-21.6419],[-42.2795,-21.7132],[-43.0634,-22.0636],[-43.1323,-22.0257],[-43.342,-22.0035],[-43.4626,-22.057],[-43.8154,-22.0658],[-44.0921,-22.1731],[-44.217,-22.2489],[-44.293,-22.24],[-44.4447,-22.2534],[-44.534,-22.3025],[-44.6011,-22.316],[-44.6634,-22.3695],[-44.7304,-22.3605],[-44.833,-22.4051]],[[-45.9448,-10.3159],[-45.9358,-10.2132],[-45.9535,-10.182],[-45.9,-10.0836],[-45.9,-10.0256],[-45.8599,-9.9988],[-45.8377,-9.5346],[-45.7974,-9.4631],[-45.8287,-9.374],[-45.8957,-9.3292],[-45.9045,-9.1776],[-45.9358,-9.1195],[-45.9403,-9.0122],[-45.9805,-8.9276],[-45.9268,-8.789],[-45.8197,-8.6999],[-45.7528,-8.5613],[-45.7348,-8.4319],[-45.659,-8.3113],[-45.6545,-8.2533],[-45.5787,-8.1507],[-45.5429,-7.8694],[-45.4716,-7.673],[-45.2974,-7.5569],[-45.025,-7.4943],[-44.9091,-7.4453],[-44.8153,-7.365],[-44.7127,-7.3962],[-44.5786,-7.2489],[-44.4492,-7.1463],[-44.3063,-7.1105],[-44.2573,-7.0079],[-44.1679,-6.9231],[-44.1634,-6.8873],[-44.0921,-6.807],[-44.0608,-6.8293],[-44.0386,-6.7667],[-43.9537,-6.7622],[-43.8154,-6.7086],[-43.6768,-6.6999],[-43.5609,-6.7534],[-43.4626,-6.8427],[-43.3019,-6.8025],[-43.1991,-6.7534],[-43.1323,-6.7802],[-42.9804,-6.7444],[-42.9178,-6.6686],[-42.9136,-6.615],[-42.8555,-6.4809],[-42.8688,-6.4364],[-42.851,-6.2535],[-42.9626,-6.1864],[-43.0027,-6.1239],[-43.0742,-6.057],[-43.11,-5.7713],[-43.0832,-5.7132],[-43.101,-5.6239],[-43.0474,-5.5971],[-42.9136,-5.3917],[-42.833,-5.3114],[-42.8062,-5.1595],[-42.833,-5.0972],[-42.8555,-4.9363],[-42.9046,-4.8292],[-42.9536,-4.7757],[-42.9313,-4.7311],[-42.9491,-4.6596],[-42.9136,-4.6373],[-42.8643,-4.4989],[-42.8956,-4.4051],[-42.9536,-4.3918],[-42.9894,-4.24],[-42.8911,-4.1418],[-42.851,-4.039],[-42.7349,-3.9229],[-42.6634,-3.7891],[-42.6769,-3.6997],[-42.6278,-3.6149],[-42.5743,-3.5704],[-42.5027,-3.4497],[-42.4537,-3.4765],[-42.217,-3.432],[-42.1009,-3.3024],[-42.1054,-3.2623],[-42.0028,-3.2311],[-41.9224,-3.1104],[-41.8421,-3.0346],[-41.8153,-2.9363],[-41.8689,-2.8517],[-41.8462,-2.7588]],[[-45.7571,-10.3293],[-45.6055,-10.3338],[-45.5161,-10.4142],[-45.4716,-10.4855],[-45.4403,-10.6194],[-45.3152,-10.7802],[-45.043,-10.8963],[-44.9314,-10.8606],[-44.851,-10.8784],[-44.784,-10.8561],[-44.7527,-10.7848],[-44.6456,-10.7355],[-44.6188,-10.6864],[-44.5385,-10.6284],[-44.4179,-10.5881],[-44.217,-10.6284],[-44.1189,-10.5881],[-43.9938,-10.4542],[-43.9135,-10.432],[-43.8019,-10.2043],[-43.7616,-10.1685],[-43.7528,-10.1061],[-43.7035,-10.0346],[-43.7125,-9.9498],[-43.6813,-9.8024],[-43.726,-9.7488],[-43.7841,-9.5659],[-43.8286,-9.4989],[-43.8109,-9.4275],[-43.6948,-9.4453],[-43.659,-9.365],[-43.6054,-9.3382],[-43.5384,-9.3605],[-43.4493,-9.3025],[-43.4149,-9.3355],[-43.3777,-9.4141],[-43.1858,-9.4186],[-43.1278,-9.374],[-43.0429,-9.3963],[-43.0294,-9.4363],[-42.937,-9.4743],[-42.9313,-9.5169],[-42.851,-9.5479],[-42.7527,-9.5211],[-42.6188,-9.5659],[-42.5743,-9.4856],[-42.4894,-9.4989],[-42.4314,-9.4095],[-42.3108,-9.307],[-42.1501,-9.2934],[-42.043,-9.2088],[-41.9179,-9.2131],[-41.8509,-9.2534],[-41.7973,-9.1731],[-41.7348,-9.1328],[-41.7348,-8.9811],[-41.6099,-8.9632],[-41.5564,-8.9721],[-41.4983,-8.9364],[-41.3687,-8.7132],[-41.2126,-8.6329],[-41.159,-8.548],[-41.0832,-8.5257],[-41.0161,-8.4186],[-40.9223,-8.4319],[-40.8868,-8.3516],[-40.8332,-8.3649],[-40.7484,-8.2445],[-40.592,-8.1239],[-40.543,-8.0301],[-40.5295,-7.9052],[-40.5475,-7.8336],[-40.6591,-7.7623],[-40.6188,-7.6372],[-40.6903,-7.5123],[-40.6903,-7.4275],[-40.6456,-7.4007],[-40.5385,-7.3918],[-40.534,-7.3247],[-40.583,-7.1953],[-40.5117,-7.0034],[-40.4401,-6.9051],[-40.4179,-6.8115],[-40.4804,-6.7354],[-40.6143,-6.7086],[-40.7081,-6.6596],[-40.7214,-6.5703],[-40.7707,-6.4945],[-40.8062,-6.2535],[-40.891,-6.0123],[-40.9178,-5.6016],[-40.9491,-5.4185],[-41.0251,-5.365],[-41.0697,-5.3069],[-41.0607,-5.1685],[-41.1145,-5.0659],[-41.1232,-5.0079],[-41.1858,-4.9141],[-41.1813,-4.8114],[-41.2261,-4.7266],[-41.2438,-4.615],[-41.2348,-4.5392],[-41.0742,-4.3248],[-41.1187,-4.1774],[-41.1813,-4.1238],[-41.2303,-4.0435],[-41.2839,-3.8113],[-41.3554,-3.7087],[-41.3822,-3.5926],[-41.4493,-3.4365],[-41.4268,-3.3204],[-41.3777,-3.2713],[-41.2571,-3.0792],[-41.2686,-2.9161]],[[-41.8644,-20.7757],[-41.7438,-20.8204],[-41.7125,-20.9766],[-41.7305,-21.0436],[-41.7125,-21.1104],[-41.4403,-21.1998],[-41.3912,-21.1865],[-41.2661,-21.2311],[-41.0697,-21.2133],[-40.9675,-21.2756]],[[-40.5385,-7.3918],[-40.2617,-7.3918],[-40.1724,-7.4185],[-39.8466,-7.3472],[-39.6544,-7.374],[-39.5341,-7.4766],[-39.3509,-7.5481],[-39.3064,-7.6239],[-39.2438,-7.682],[-39.1099,-7.7533],[-39.0742,-7.8561],[-38.9983,-7.8204],[-38.9671,-7.8471],[-38.8197,-7.664],[-38.6991,-7.6195],[-38.6368,-7.5346],[-38.6323,-7.4588],[-38.583,-7.4275],[-38.5339,-7.2936],[-38.5474,-7.2356],[-38.601,-7.2221],[-38.6768,-7.1595],[-38.6858,-7.0302],[-38.7304,-7.0034],[-38.7259,-6.8918],[-38.65,-6.8382],[-38.6188,-6.7579],[-38.65,-6.6909],[-38.5787,-6.4809],[-38.5252,-6.3829],[-38.6055,-6.3961],[-38.5787,-6.2622],[-38.5117,-6.1819],[-38.4939,-6.1284],[-38.4136,-6.0613],[-38.3688,-6.0926],[-38.3017,-6.0748],[-38.1278,-5.8784],[-38.0785,-5.7623],[-38.0785,-5.6865],[-38.0475,-5.6149],[-37.9134,-5.4633],[-37.7215,-5.0614],[-37.5428,-4.932],[-37.2307,-4.8243]],[[-41.3687,-8.7132],[-41.3242,-8.7354],[-41.159,-8.7087],[-41.1055,-8.7177],[-41.101,-8.7757],[-41.004,-8.7813],[-40.9804,-8.8158],[-40.891,-8.8561],[-40.891,-9.0347],[-40.8555,-9.0927],[-40.851,-9.1508],[-40.7036,-9.2176],[-40.6903,-9.3427],[-40.7439,-9.423],[-40.6858,-9.4721],[-40.5648,-9.4602],[-40.4127,-9.397],[-40.3198,-9.293],[-40.2732,-9.145],[-40.2122,-9.1015],[-40.0777,-9.0882],[-39.9487,-9.0221],[-39.9091,-8.9802],[-39.8878,-8.924],[-39.8846,-8.8534],[-39.8349,-8.809],[-39.7384,-8.7912],[-39.6877,-8.7494],[-39.6828,-8.683],[-39.6009,-8.6196],[-39.4418,-8.5593],[-39.3327,-8.5658],[-39.2567,-8.6403],[-39.0982,-8.715],[-38.835,-8.8002],[-38.6678,-8.8961],[-38.6192,-8.8961],[-38.5443,-8.8311],[-38.5047,-8.8349],[-38.484,-8.8777],[-38.4822,-8.9595],[-38.4329,-9.0036],[-38.3359,-9.0102],[-38.2943,-9.043],[-38.3076,-9.1022],[-38.2831,-9.2037],[-38.2212,-9.3477],[-37.9757,-9.5121],[-38.043,-9.606],[-37.9937,-9.6462],[-38.0295,-9.7266],[-37.9627,-9.8739],[-37.9001,-9.914],[-37.9001,-9.9498],[-37.7795,-10.0794],[-37.784,-10.3068],[-37.8376,-10.4229],[-37.8241,-10.548],[-37.784,-10.6284],[-37.8153,-10.6774],[-37.9714,-10.7535],[-38.0117,-10.7535],[-38.1098,-10.7087],[-38.1901,-10.7177],[-38.2439,-10.8248],[-38.2349,-10.8963],[-38.1769,-10.9809],[-38.1098,-11.0302],[-38.0608,-11.1686],[-37.9804,-11.2399],[-38.0072,-11.356],[-37.9669,-11.4008],[-37.8511,-11.4409],[-37.7973,-11.5257],[-37.6589,-11.557],[-37.6321,-11.5212],[-37.5741,-11.5392],[-37.4119,-11.4973]],[[-40.2082,-17.9766],[-40.1859,-18.0079],[-39.6677,-18.3259]],[[-38.2212,-9.3477],[-38.092,-9.1863],[-37.9669,-9.1418],[-37.8153,-8.9766],[-37.8063,-8.8963],[-37.7482,-8.8605],[-37.6814,-8.9766],[-37.6276,-8.9811],[-37.5205,-8.9454],[-37.4715,-9.0034],[-37.3912,-9.0435],[-37.1812,-9.2399],[-36.9983,-9.307],[-36.9403,-9.356],[-36.9045,-9.2892],[-36.8332,-9.2624],[-36.5787,-9.2934],[-36.4403,-9.2088],[-36.3465,-9.1998],[-36.2662,-9.1418],[-36.2394,-9.0882],[-36.1233,-9.0167],[-36.1188,-8.9677],[-36.0162,-8.8963],[-35.9714,-8.9051],[-35.8823,-8.8738],[-35.8018,-8.8695],[-35.7214,-8.9186],[-35.6098,-8.865],[-35.4715,-8.8338],[-35.3911,-8.8828],[-35.1517,-8.9139]],[[-37.9757,-9.5121],[-37.1961,-9.8859],[-37.0192,-9.957],[-36.9565,-10.0137],[-36.9396,-10.0836],[-36.8797,-10.1536],[-36.6991,-10.2573],[-36.6475,-10.254],[-36.607,-10.2929],[-36.5798,-10.3714],[-36.5384,-10.4106],[-36.4826,-10.4106],[-36.443,-10.432],[-36.4147,-10.4914]],[[-38.5252,-6.3829],[-38.4358,-6.4141],[-38.284,-6.5034],[-38.2394,-6.4854],[-38.1323,-6.5212],[-38.0563,-6.4454],[-38.0027,-6.4319],[-37.8421,-6.3426],[-37.793,-6.2935],[-37.7572,-6.1774],[-37.476,-6.0838],[-37.4224,-6.0971],[-37.2616,-6.0258],[-37.1767,-6.0525],[-37.1767,-6.1149],[-37.3957,-6.3918],[-37.4312,-6.5167],[-37.5073,-6.5525],[-37.516,-6.6819],[-37.3376,-6.6999],[-37.2706,-6.7399],[-37.217,-6.8247],[-37.1545,-6.7847],[-37.0429,-6.7534],[-36.9893,-6.7086],[-36.9448,-6.7489],[-36.7929,-6.7667],[-36.7438,-6.8247],[-36.7706,-6.9318],[-36.7126,-6.9766],[-36.659,-6.9318],[-36.5742,-6.9276],[-36.5026,-6.7847],[-36.5294,-6.7354],[-36.5339,-6.6373],[-36.4448,-6.6238],[-36.5161,-6.4809],[-36.4939,-6.3784],[-36.3823,-6.3025],[-36.2929,-6.307],[-36.2527,-6.4141],[-35.9269,-6.4677],[-35.6679,-6.4274],[-35.467,-6.4632],[-35.3063,-6.5302],[-35.2573,-6.5079],[-35.0473,-6.5347],[-34.9717,-6.5039]],[[-38.6991,-7.6195],[-38.6455,-7.6775],[-38.592,-7.6908],[-38.5875,-7.74],[-38.5252,-7.7668],[-38.4491,-7.7355],[-38.4178,-7.7488],[-38.3555,-7.6998],[-38.3042,-7.7823],[-38.3017,-7.8294],[-38.2572,-7.8516],[-38.2259,-7.8114],[-38.1679,-7.8069],[-38.1501,-7.7713],[-38.0875,-7.8204],[-38.0574,-7.7578],[-37.9759,-7.7713],[-37.8956,-7.6865],[-37.793,-7.6372],[-37.7082,-7.5481],[-37.5518,-7.4766],[-37.4357,-7.3472],[-37.3822,-7.3517],[-37.3464,-7.2979],[-37.2528,-7.2711],[-37.15,-7.3472],[-37.0161,-7.4007],[-37.0161,-7.5079],[-37.1992,-7.5749],[-37.2125,-7.6462],[-37.168,-7.7623],[-37.226,-7.8159],[-37.3421,-7.9988],[-37.2125,-7.9587],[-37.15,-7.9765],[-37.1277,-8.1642],[-37.0609,-8.231],[-36.9625,-8.2845],[-36.8332,-8.2265],[-36.7839,-8.2222],[-36.6277,-8.0836],[-36.659,-8.0123],[-36.5697,-7.923],[-36.4491,-7.9097],[-36.4223,-7.8249],[-36.3375,-7.8114],[-36.2662,-7.8249],[-36.2171,-7.7801],[-36.1678,-7.8249],[-36.1233,-7.7801],[-36.0742,-7.8249],[-35.9669,-7.8159],[-35.9314,-7.8382],[-35.8866,-7.7322],[-35.8375,-7.7443],[-35.7127,-7.7088],[-35.6814,-7.7133],[-35.5563,-7.6552],[-35.4982,-7.4543],[-35.3734,-7.4588],[-35.2705,-7.3827],[-35.0653,-7.4095],[-34.9805,-7.5123],[-34.8586,-7.5497]],[[-49.7128,-29.3245],[-49.8152,-29.2712],[-49.8688,-29.2177],[-49.9536,-29.1954],[-50.0787,-29.2444],[-50.0339,-29.3205],[-50.0519,-29.356],[-50.168,-29.2847],[-50.1635,-29.1954],[-50.0697,-29.0928],[-50.0071,-29.1016],[-49.9448,-28.9499],[-49.9536,-28.7935],[-49.8465,-28.6954],[-49.7974,-28.6239],[-49.6991,-28.5971],[-49.7081,-28.5303],[-49.8391,-28.4652],[-49.9385,-28.4482],[-50.0688,-28.4443],[-50.141,-28.4529],[-50.155,-28.4738],[-50.233,-28.4686],[-50.5775,-28.3863],[-50.7361,-28.236],[-50.9659,-27.9595],[-51.1173,-27.8078],[-51.1904,-27.7812],[-51.4876,-27.5641],[-51.5302,-27.5689],[-51.6447,-27.4998],[-51.7016,-27.4881],[-51.7536,-27.5119],[-51.8733,-27.5095],[-51.9842,-27.3767],[-52.0596,-27.3135],[-52.1392,-27.2833],[-52.2286,-27.2925],[-52.2648,-27.2773],[-52.348,-27.2764],[-52.4146,-27.2363],[-52.5107,-27.2304],[-52.6365,-27.2595],[-52.7416,-27.2457],[-52.8264,-27.1895],[-52.9528,-27.1789],[-53.0305,-27.1375],[-53.1036,-27.1544],[-53.1342,-27.1404],[-53.1844,-27.1495],[-53.2271,-27.1737],[-53.2633,-27.1634],[-53.3047,-27.0977],[-53.3475,-27.0806],[-53.4566,-27.1033],[-53.4897,-27.1332],[-53.498,-27.1722],[-53.5401,-27.1978],[-53.6157,-27.21],[-53.6596,-27.2005],[-53.6715,-27.1695],[-53.7185,-27.1575],[-53.9354,-27.1611]]]}},{"type":"Feature","properties":{"cc":"CA","name":"Canada"},"geometry":{"type":"MultiLineString","coordinates":[[[-114.0625,48.9931],[-114.0575,49.038],[-114.1325,49.0941],[-114.1898,49.1681],[-114.3548,49.2107],[-114.3862,49.252],[-114.5652,49.3939],[-114.588,49.4203],[-114.5775,49.5436],[-114.6809,49.5555],[-114.734,49.5872],[-114.7373,49.6038],[-114.686,49.6431],[-114.6428,49.7303],[-114.6376,49.7968],[-114.6849,49.9343],[-114.6514,49.9853],[-114.652,50.0196],[-114.7164,50.1293],[-114.7891,50.3591],[-114.9928,50.545],[-115.0912,50.5848],[-115.206,50.5537],[-115.3054,50.6346],[-115.2984,50.6735],[-115.3465,50.7289],[-115.3987,50.7314],[-115.6339,50.8552],[-115.6399,50.8692],[-115.588,50.9092],[-115.6189,50.9623],[-115.7938,51.0704],[-115.9404,51.1021],[-115.9976,51.1295],[-116.0419,51.23],[-116.2503,51.3227],[-116.2788,51.3478],[-116.31,51.4478],[-116.3771,51.4973],[-116.4108,51.5437],[-116.5674,51.6507],[-116.6339,51.7585],[-116.674,51.7907],[-116.7177,51.7999],[-116.7582,51.7885],[-116.7908,51.771],[-116.8299,51.7152],[-116.9128,51.7138],[-117.0371,51.8859],[-117.2446,52.0471],[-117.3201,52.156],[-117.5873,52.1417],[-117.7878,52.2325],[-117.8218,52.2722],[-117.7346,52.3526],[-117.7317,52.3832],[-117.7576,52.3946],[-117.8831,52.4302],[-118.002,52.4859],[-118.0601,52.4127],[-118.221,52.3861],[-118.2428,52.4089],[-118.2467,52.4408],[-118.225,52.4827],[-118.3503,52.6235],[-118.3193,52.6745],[-118.3302,52.7088],[-118.4129,52.7842],[-118.4284,52.8355],[-118.4769,52.8785],[-118.6307,52.9094],[-118.6682,52.9717],[-118.6784,53.0259],[-118.7664,53.0654],[-118.7736,53.1216],[-118.8037,53.1534],[-118.9925,53.2356],[-119.0161,53.2044],[-119.0221,53.1394],[-119.2611,53.2095],[-119.3088,53.2419],[-119.3998,53.3525],[-119.6801,53.3706],[-119.8196,53.491],[-119.8938,53.5155],[-119.8961,53.5667],[-119.9182,53.6122],[-119.7431,53.615],[-119.7348,53.6337],[-119.8116,53.6988],[-119.9044,53.723],[-119.9172,53.7699],[-119.9727,53.7971],[-120.001,53.8438],[-120,60.0011],[-110.0,60.0011],[-109.9994,48.9931]],[[-120,60.0011],[-139.0565,60.0016]],[[-110.0,60.0011],[-102.0016,60.0011],[-102.0011,55.8175],[-101.3673,48.9931]],[[-123.8192,60.0011],[-123.8795,60.0397],[-124.0108,60.0461],[-123.9974,60.1266],[-124.1847,60.321],[-124.2255,60.4528],[-124.2493,60.4735],[-124.4028,60.4941],[-124.4692,60.5672],[-124.5994,60.6621],[-124.6112,60.7012],[-124.505,60.7885],[-124.5065,60.8223],[-124.5826,60.9528],[-124.8065,60.9611],[-124.8596,60.9241],[-124.8805,60.8603],[-125.1516,60.8444],[-125.3225,60.7924],[-125.7069,60.8405],[-125.8992,60.8902],[-125.9571,60.8651],[-126.0032,60.8088],[-126.0642,60.816],[-126.0986,60.8289],[-126.1146,60.8634],[-126.1615,60.8659],[-126.2228,60.8558],[-126.2347,60.8089],[-126.2969,60.7845],[-126.5201,60.8003],[-126.6652,60.7623],[-126.8593,60.7694],[-126.8897,60.7956],[-126.8881,60.8331],[-126.9116,60.8596],[-126.9085,60.9501],[-126.9442,61.0524],[-126.9637,61.0635],[-127.0546,61.0512],[-127.0929,61.0705],[-127.0821,61.0937],[-127.0268,61.1265],[-127.0213,61.2368],[-127.0725,61.3696],[-127.1666,61.4645],[-127.2994,61.5122],[-127.4681,61.5105],[-127.6087,61.5329],[-127.8072,61.6187],[-127.9936,61.7112],[-128.0466,61.8134],[-128.0938,61.8413],[-128.2063,61.8653],[-128.2584,61.9277],[-128.3662,61.9909],[-128.4001,62.0337],[-128.5608,62.1169],[-128.6785,62.1123],[-128.8139,62.0638],[-128.9074,62.119],[-129.1362,62.1255],[-129.2547,62.1528],[-129.269,62.1663],[-129.2328,62.2198],[-129.2934,62.2942],[-129.291,62.3223],[-129.2393,62.3732],[-129.2963,62.4253],[-129.2871,62.4412],[-129.1996,62.47],[-129.1894,62.4903],[-129.2111,62.5134],[-129.4903,62.5987],[-129.5253,62.6735],[-129.62,62.7122],[-129.6583,62.7765],[-129.7187,62.8317],[-129.7289,62.8649],[-129.7139,62.9306],[-129.6118,63.0587],[-129.8275,63.0918],[-129.9057,63.1874],[-130.0597,63.2612],[-130.1336,63.2765],[-130.1398,63.2933],[-130.1017,63.3188],[-129.9483,63.3757],[-129.9053,63.4058],[-129.8449,63.4858],[-129.8551,63.5217],[-129.8878,63.5548],[-129.976,63.6157],[-130.063,63.6356],[-130.1107,63.695],[-130.2436,63.6783],[-130.3026,63.7037],[-130.2984,63.721],[-130.2596,63.7374],[-130.1208,63.7731],[-130.1179,63.7934],[-130.1396,63.8078],[-130.2826,63.8226],[-130.5129,63.9201],[-130.6606,63.9505],[-130.7577,63.993],[-130.7919,64.0305],[-130.8467,64.0488],[-130.9297,64.1255],[-130.9413,64.1405],[-130.913,64.1676],[-130.9133,64.1925],[-131.0121,64.2728],[-131.0218,64.3244],[-131.1067,64.4009],[-131.3588,64.4585],[-131.5128,64.3934],[-131.5859,64.3803],[-131.7968,64.3879],[-131.8028,64.4066],[-131.716,64.515],[-131.729,64.5338],[-131.8932,64.5772],[-132.0522,64.6842],[-132.1063,64.7021],[-132.3207,64.7627],[-132.5881,64.7941],[-132.6011,64.8259],[-132.5048,64.8837],[-132.497,64.9575],[-132.3538,65.0385],[-132.3526,65.0572],[-132.3813,65.0751],[-132.5161,65.0942],[-132.5383,65.1091],[-132.5401,65.1701],[-132.5794,65.1846],[-132.7081,65.1672],[-132.7518,65.1732],[-132.7732,65.2034],[-132.7625,65.225],[-132.5969,65.2802],[-132.5417,65.3408],[-132.3459,65.4434],[-132.2678,65.5377],[-132.1947,65.5977],[-132.1962,65.6277],[-132.2953,65.7161],[-132.5548,65.857],[-132.539,65.8861],[-132.3408,65.9552],[-132.3427,65.979],[-132.3709,65.9936],[-132.4834,65.989],[-132.6143,66.0292],[-132.7137,65.9978],[-132.8213,65.928],[-132.9025,65.9135],[-132.948,65.9168],[-132.9678,65.9337],[-132.9165,66.0017],[-132.938,66.0287],[-133.2291,66.0061],[-133.4121,65.956],[-133.6216,65.9746],[-133.6238,66.0103],[-133.6757,66.074],[-133.6772,66.0956],[-133.5687,66.1766],[-133.5832,66.2851],[-133.7902,66.3044],[-133.8001,66.3256],[-133.7394,66.4398],[-133.654,66.4528],[-133.6584,66.5093],[-133.6352,66.5656],[-133.7639,66.651],[-133.8059,66.7334],[-133.7827,66.7855],[-133.7942,66.8186],[-133.9239,66.903],[-134.0313,66.944],[-134.0556,67.0045],[-136.1261,67.0047],[-136.1693,67.0152],[-136.2232,67.0883],[-136.218,67.1812],[-136.1502,67.2263],[-136.1052,67.3042],[-136.1776,67.4226],[-136.1693,67.5142],[-136.2333,67.6003],[-136.4007,67.6659],[-136.4344,67.7025],[-136.4454,67.7466],[-136.4438,68.8951]],[[-88.9485,56.8513],[-89.9806,56.2161],[-91.3785,55.317],[-92.6002,54.4807],[-93.6202,53.7479],[-95.1538,52.8224],[-95.1553,49.3697]],[[-120.6819,69.5669],[-120.678,68.0028],[-112.5039,65.5023],[-110.6695,65.4971],[-109.5164,64.9029],[-109.2151,64.813],[-108.9729,64.7792],[-101.9991,64.2284],[-101.9866,64.0802],[-102.0056,63.8493],[-102.0016,60.0011],[-94.7719,60.0018]],[[-64.0309,46.0127],[-64.0514,45.9779],[-64.1596,45.9648],[-64.2728,45.8499],[-64.3147,45.8357]],[[-69.0537,47.2946],[-68.6285,47.4207],[-68.496,47.4803],[-68.4296,47.5282],[-68.3792,47.589],[-68.3779,47.9294],[-68.1135,47.9294],[-68.1135,47.9986],[-67.6129,47.9986],[-67.6095,47.9688],[-67.579,47.9395],[-67.3649,47.8548],[-67.3071,47.8872],[-67.0576,47.9186],[-66.9518,47.8994],[-66.925,47.9635],[-66.8427,47.9979],[-66.7044,48.0224]],[[-57.1001,51.4433],[-57.101,52.0011],[-63.7569,52.0105],[-63.7834,52.0204],[-63.7855,52.0508],[-63.6643,52.0601],[-63.6838,52.138],[-63.7656,52.2975],[-63.9355,52.3809],[-63.9511,52.4288],[-64.0617,52.4578],[-64.0594,52.4851],[-64.0176,52.5255],[-63.8985,52.5892],[-63.5225,52.6488],[-63.4228,52.6699],[-63.4097,52.6887],[-63.5502,52.7741],[-63.5668,52.8259],[-63.5546,52.9643],[-63.6716,53.1007],[-63.7225,53.1092],[-63.9051,53.0769],[-63.9734,52.8951],[-64.1394,52.8542],[-64.1785,52.8153],[-64.1835,52.5542],[-64.1032,52.3785],[-64.1307,52.1867],[-64.1596,52.148],[-64.2708,52.0832],[-64.3346,51.8419],[-64.2894,51.7691],[-64.2905,51.7288],[-64.5063,51.6089],[-64.598,51.6004],[-64.6974,51.7205],[-64.7023,51.7454],[-64.639,51.7905],[-64.6267,51.8253],[-64.7646,51.9054],[-64.9321,52.055],[-65.1371,52.1547],[-65.2682,52.1852],[-65.4521,52.2029],[-65.4743,52.1962],[-65.5516,52.094],[-65.5891,52.0734],[-65.7806,52.1039],[-65.8268,52.0524],[-65.8829,52.0542],[-66.0358,52.1092],[-66.097,52.2095],[-66.2795,52.3008],[-66.296,52.2946],[-66.3455,52.1548],[-66.4074,52.1837],[-66.4622,52.2945],[-66.4634,52.3413],[-66.3942,52.4178],[-66.4261,52.6609],[-66.3664,52.7414],[-66.3568,52.8063],[-66.3413,52.8401],[-66.3105,52.861],[-66.3002,52.8969],[-66.3899,52.992],[-66.428,53.0108],[-66.468,53.0186],[-66.521,52.9585],[-66.6153,52.9316],[-66.6883,52.7269],[-66.8148,52.6865],[-66.951,52.6983],[-67.0295,52.7204],[-67.068,52.7549],[-67.0537,52.92],[-66.9703,53.073],[-66.9444,53.3551],[-66.9804,53.384],[-67.0761,53.4174],[-67.1649,53.543],[-67.4735,53.6133],[-67.4557,53.7305],[-67.471,53.7965],[-67.7573,54.0337],[-67.7615,54.0607],[-67.6811,54.1413],[-67.5113,54.2362],[-67.5153,54.2817],[-67.6097,54.4516],[-67.6201,54.5065],[-67.6014,54.5528],[-67.5365,54.5727],[-67.2855,54.5186],[-67.2361,54.5857],[-67.1502,54.6167],[-67.1469,54.653],[-67.1992,54.6821],[-67.29,54.8258],[-67.4158,54.9838],[-67.4371,55.0362],[-67.4082,55.0718],[-67.3017,55.0637],[-67.1667,54.9375],[-66.8671,54.781],[-66.7244,54.748],[-66.6508,54.7986],[-66.6567,54.8468],[-66.7104,54.9482],[-66.6928,54.998],[-66.7474,55.1291],[-66.719,55.1925],[-66.7251,55.2132],[-66.7973,55.2938],[-66.7996,55.3112],[-66.774,55.3282],[-66.6179,55.256],[-66.1566,54.9678],[-65.8836,54.9072],[-65.7968,54.805],[-65.6758,54.7449],[-65.1218,54.7192],[-64.8152,54.7339],[-64.3411,54.7263],[-63.9102,54.634],[-63.6988,54.6152],[-63.658,54.6444],[-63.5697,54.7763],[-63.476,54.9619],[-63.5512,55.0863],[-63.534,55.1404],[-63.4293,55.2099],[-63.1614,55.3075],[-63.1118,55.3398],[-63.1513,55.4045],[-63.1544,55.5136],[-63.3046,55.5421],[-63.4152,55.596],[-63.7006,55.8609],[-63.6984,55.9234],[-63.5585,55.9925],[-63.5783,56.0256],[-63.8361,56.0633],[-63.8859,56.0884],[-64.0041,56.0975],[-63.9917,56.1446],[-63.8993,56.2123],[-63.9128,56.229],[-64.0837,56.2752],[-64.1215,56.2994],[-64.1361,56.3946],[-64.0527,56.4297],[-63.9549,56.4389],[-63.9256,56.4754],[-63.9549,56.527],[-64.1156,56.7074],[-64.1007,56.7379],[-63.9033,56.8893],[-63.8764,57.023],[-63.7918,57.1299],[-63.7579,57.2277],[-63.7933,57.279],[-63.7999,57.3187],[-63.7421,57.3958],[-63.7585,57.5529],[-63.7437,57.5809],[-63.6147,57.6693],[-63.5982,57.6925],[-63.6013,57.7231],[-63.7156,57.6959],[-63.7935,57.706],[-63.8419,57.7133],[-63.9613,57.8017],[-64.0455,57.7853],[-64.1336,57.8754],[-64.2266,58.0175],[-64.387,58.0989],[-64.3946,58.1443],[-64.0978,58.3592],[-63.848,58.4597],[-63.8408,58.5052],[-63.8824,58.5552],[-64.0387,58.5448],[-64.0625,58.5548],[-64.0859,58.5994],[-64.0708,58.6417],[-63.9605,58.6842],[-63.5532,58.7316],[-63.4967,58.7534],[-63.5353,58.7988],[-63.5918,58.8298],[-63.7271,58.8617],[-64.1918,58.7687],[-64.2356,58.7858],[-64.2941,58.866],[-64.8086,58.9294],[-64.8483,58.9492],[-64.8511,58.9837],[-64.8328,59.02],[-64.7703,59.0487],[-64.3935,58.9985],[-64.3244,59.02],[-64.3324,59.0438],[-64.4778,59.1162],[-64.5195,59.2258],[-64.5187,59.3559],[-64.5031,59.3987],[-64.3787,59.4751],[-64.3853,59.5148],[-64.4448,59.528],[-64.7146,59.4663],[-64.7756,59.4883],[-64.818,59.5402],[-64.7908,59.8156],[-64.7619,59.864],[-64.6656,59.9055],[-64.6615,59.9215],[-64.6824,59.9429],[-64.834,59.9858],[-64.8873,60.0354],[-64.8804,60.0497],[-64.7822,60.0638],[-64.6499,60.1101],[-64.6223,60.1413],[-64.6445,60.1613],[-64.7893,60.1961],[-64.8467,60.2508],[-64.6143,60.306]],[[-110.0044,78.6867],[-110.0037,78.3217]],[[-110.0036,77.9289],[-110.0035,78.0896]],[[-110.0024,75.5391],[-110.0028,74.851]],[[-110.0034,76.4797],[-110.0026,76.2442]],[[-110.0018,72.9819],[-110.0,70.0012],[-112.5,70.0012],[-112.4998,69.9115],[-112.65,69.8344],[-112.8749,69.8334],[-112.8811,70.0014],[-117.0554,70.0022],[-117.0753,69.889],[-116.6937,69.6955],[-116.6505,69.6498],[-116.856,69.6497]],[[-79.5196,50.9185],[-79.513,47.5564],[-79.5593,47.483],[-79.5467,47.4074],[-79.4792,47.3189],[-79.4419,47.2277],[-79.4349,47.1338],[-79.3649,47.022],[-79.1656,46.8272],[-79.0146,46.6065],[-78.9032,46.4865],[-78.781,46.3934],[-78.4605,46.3069],[-77.6827,46.1867],[-77.3713,46.0629],[-77.2332,45.9036],[-77.0308,45.8075],[-76.9409,45.801],[-76.9129,45.8758],[-76.8902,45.8903],[-76.8237,45.8797],[-76.7538,45.7978],[-76.6666,45.6426],[-76.5531,45.5421],[-76.4134,45.4963],[-76.2699,45.4839],[-76.1226,45.5049],[-76.0006,45.4836],[-75.904,45.4202],[-75.6261,45.4508],[-74.8642,45.6422],[-74.7172,45.6514],[-74.5772,45.6322],[-74.3966,45.5677],[-74.4781,45.3179],[-74.3404,45.2144]],[[-79.5213,51.5447],[-79.5205,50.966]]]}},{"type":"Feature","properties":{"cc":"CN","name":"China"},"geometry":{"type":"MultiLineString","coordinates":[[[97.2057,42.7898],[97.8469,41.6193],[97.6796,41.5023],[97.6476,41.4555],[97.7085,41.3494],[97.9505,41.1198],[98.2038,40.9512],[98.2939,40.9166],[98.3265,40.8557],[98.2348,40.5417],[98.5152,40.5335],[98.6458,40.5675],[98.8257,40.7266],[99.1574,40.8363],[99.496,40.8429],[99.6645,40.9013],[100.0112,40.8963],[100.0755,40.859],[100.176,40.7351],[100.2038,40.617],[100.14,40.5181],[100.0142,40.4025],[99.8994,40.2048],[99.627,40.0692],[99.5325,40.0008],[99.4309,39.8788],[99.6861,39.876],[100.0435,39.7277],[100.1889,39.6949],[100.2866,39.6273],[100.3068,39.5498],[100.455,39.4956],[100.5435,39.4089],[100.7895,39.4079],[100.8332,39.3801],[100.852,39.1675],[100.8885,39.1052],[101.0485,39.0008],[101.18,39.0206],[101.2478,38.87],[101.3279,38.8257],[101.3198,38.7582],[101.414,38.7492],[101.5802,38.6882],[101.8311,38.6898],[102.0204,38.8569],[102.0228,38.8927],[101.8255,39.0644],[102.3931,39.2372],[102.5935,39.1779],[102.8306,39.1302],[102.9654,39.1194],[103.284,39.293],[103.4638,39.3572],[103.7493,39.4249],[104.024,39.4411],[104.06,39.3078],[104.2248,39.0907],[104.1716,38.9595],[104.0426,38.8741],[103.9795,38.759],[103.7943,38.5908],[103.4712,38.4359],[103.5217,38.1398],[103.3881,38.102],[103.3875,37.9991],[103.4382,37.8424],[103.6787,37.775],[103.8637,37.6264],[104.1085,37.4618],[104.2625,37.3903],[104.3585,37.4012],[104.4645,37.4402],[104.6895,37.4119],[104.7224,37.3393],[104.6214,37.2493],[104.7089,37.215],[104.7647,37.2505],[104.8554,37.2182],[104.9224,37.0968],[105.1802,36.9721],[105.3217,36.7807],[105.2205,36.693],[105.2687,36.5502],[105.3928,36.3844],[105.4459,36.2546],[105.4374,36.1067],[105.3515,36.0576],[105.3181,35.9332],[105.4318,35.7564],[105.687,35.6605],[105.8294,35.4936],[105.9361,35.5248],[106.0651,35.4877],[106.1124,35.4247],[106.2107,35.3952],[106.3134,35.2736],[106.3778,35.2607],[106.4649,35.3324],[106.4951,35.5531],[106.4293,35.6994],[106.4696,35.7274],[106.7671,35.7066],[106.9134,35.7888],[106.8432,35.8822],[106.9148,35.9071],[106.9448,36.0769],[106.8137,36.2116],[106.7449,36.2066],[106.6039,36.2778],[106.4966,36.2684],[106.4954,36.4367],[106.44,36.5148],[106.494,36.5598],[106.5024,36.7065],[106.6022,36.7258],[106.649,36.8342],[106.5748,36.9313],[106.6339,36.9979],[106.6441,37.1817],[106.7907,37.1897],[106.9329,37.1072],[107.1878,37.1171],[107.2855,37.0685],[107.2996,36.9072],[107.5009,36.8908],[107.5489,36.84],[107.6955,36.8251],[107.8865,36.7554],[108.0417,36.5977],[108.3564,36.546],[108.4413,36.4613],[108.6065,36.432],[108.7037,36.359],[108.6499,36.2265],[108.6998,36.1255],[108.6771,36.0052],[108.4931,35.8812],[108.5232,35.776],[108.51,35.7009],[108.6037,35.5479],[108.6172,35.3928],[108.4926,35.2725],[108.2768,35.2628],[108.155,35.2906],[107.9787,35.2235],[107.9228,35.2669],[107.7417,35.3184],[107.6705,35.228],[107.8303,34.9767],[107.71,34.9514],[107.5696,34.9654],[107.4969,34.9258],[107.3208,34.9422],[107.2109,34.8918],[107.0515,35.0381],[106.9148,35.089],[106.5646,35.0796],[106.4912,35.0301],[106.5008,34.9262],[106.5497,34.8626],[106.4915,34.741],[106.3177,34.5833],[106.3684,34.5202],[106.4983,34.5202],[106.6141,34.4587],[106.6736,34.3847],[106.656,34.2542],[106.554,34.2808],[106.5874,34.1375],[106.5137,34.1066],[106.4302,33.9421],[106.4798,33.8682],[106.4547,33.8033],[106.4817,33.7009],[106.5595,33.5986],[106.4955,33.5436],[106.3927,33.6188],[106.1706,33.5622],[106.0735,33.6175],[105.9929,33.6106],[105.9517,33.5532],[105.8324,33.4975],[105.7853,33.4063],[105.718,33.3887],[105.7472,33.294],[105.9127,33.2337],[105.9106,33.0317],[105.8865,32.978],[105.6393,32.8855],[105.4309,32.9115],[105.3864,32.8234],[105.4352,32.7736],[105.27,32.6417],[105.1468,32.6083],[105.0318,32.6387],[104.8983,32.6118],[104.841,32.6398],[104.6454,32.6579],[104.5584,32.6883],[104.4057,32.8094],[104.2889,32.8479],[104.3213,32.9527],[104.3776,32.9588],[104.4059,33.0633],[104.3282,33.1404],[104.2806,33.2721],[104.2929,33.3636],[104.1747,33.4902],[104.1563,33.624],[104.093,33.6685],[103.9151,33.6833],[103.7451,33.676],[103.6594,33.7105],[103.5228,33.7141],[103.5586,33.8069],[103.3507,33.7557],[103.272,33.7652],[103.1842,33.8221],[103.1932,33.8838],[103.1421,33.9615],[103.1524,34.1085],[103.1201,34.1686],[103.0006,34.214],[102.9306,34.2956],[102.7818,34.2742],[102.5978,34.1655],[102.6176,34.0835],[102.4406,34.0597],[102.372,33.976],[102.3194,33.9874],[102.1712,33.9418],[102.3431,33.7252],[102.356,33.6094],[102.4818,33.5401],[102.4818,33.465],[102.2788,33.3778],[102.131,33.2847],[102.0994,33.2222],[102.0042,33.2188],[101.8637,33.1226],[101.8322,33.2692],[101.9232,33.4064],[101.884,33.5463],[101.6134,33.5119],[101.5769,33.6305],[101.4956,33.7046],[101.3996,33.6451],[101.1603,33.6641],[101.1655,33.756],[101.1295,33.8506],[101.009,33.8815],[100.948,33.9298],[100.7917,34.1549],[100.8155,34.2946],[100.9353,34.3863],[101.0358,34.3389],[101.256,34.3005],[101.3237,34.2595],[101.6117,34.1912],[101.6472,34.136],[101.7804,34.0675],[101.8625,34.1414],[102.012,34.1776],[102.0765,34.267],[102.2123,34.3515],[102.1503,34.4951],[102.0134,34.536],[101.9319,34.5911],[101.9139,34.6614],[101.7934,34.6319],[101.7551,34.7037],[101.9232,34.7873],[101.9128,34.8448],[102.0094,34.9421],[102.2671,35.0559],[102.3756,35.2037],[102.3177,35.275],[102.2893,35.4069],[102.4264,35.4353],[102.535,35.5356],[102.7022,35.524],[102.7213,35.6191],[102.6799,35.7568],[102.7003,35.8395],[102.8375,35.8608],[102.976,35.8333],[102.9995,35.9907],[102.9333,36.0861],[103.0404,36.2165],[102.8945,36.3094],[102.8186,36.3261],[102.7697,36.4976],[102.6982,36.6089],[102.6108,36.6572],[102.6152,36.7288],[102.6747,36.8016],[102.4601,36.9557],[102.4958,37.0891],[102.5506,37.1638],[102.4266,37.2781],[102.2455,37.3809],[102.142,37.4067],[102.0327,37.4789],[102.0672,37.5483],[101.9959,37.6145],[101.9371,37.7307],[101.7656,37.525],[101.6465,37.6119],[101.2929,37.7989],[101.0498,37.9637],[100.6357,38.1054],[100.5543,38.2521],[100.4974,38.2894],[100.3578,38.307],[100.1408,38.4858],[100.0831,38.3945],[100.1555,38.3028],[100.079,38.2784],[99.7999,38.3657],[99.5572,38.5154],[99.4963,38.6011],[99.0993,38.8896],[99.0948,38.9578],[98.9621,38.9818],[98.9019,39.0356],[98.7819,39.0677],[98.6022,38.9476],[98.4446,38.9573],[98.3243,39.0233],[98.2626,38.9317],[98.0686,38.8018],[97.3626,39.1504],[97.1375,39.2032],[97.0265,39.1962],[96.9625,39.1032],[96.9911,38.9968],[96.9709,38.8642],[96.9812,38.7443],[96.9424,38.6391],[96.9712,38.5673],[96.9455,38.3582],[96.8451,38.3564],[96.5104,38.4701],[96.5026,38.549],[96.3155,38.6269],[96.0548,38.6788],[96.0076,38.7517],[95.8919,38.7837],[95.7882,38.8623],[95.7216,38.8747],[95.5658,39.0152],[95.4609,39.0466],[95.3053,39.1828],[95.0572,39.1475],[94.9124,39.1982],[94.7246,39.2368],[94.6311,39.2954],[94.4793,39.3178],[94.117,39.3219],[93.9089,39.2856],[93.7221,39.3067],[93.502,39.2719],[93.4052,39.217],[93.2756,39.1887],[93.1403,39.1987],[93.0357,39.1521],[92.936,39.1529],[92.948,39.4525],[92.7724,39.8105],[92.7774,39.9055],[92.9195,40.1181],[92.9259,40.4229],[93.0368,40.4899],[93.2863,40.4693],[93.5775,40.588],[93.6691,40.6834],[93.7599,40.8233],[94.011,41.104],[94.5809,41.5852],[95.0583,41.7886],[95.492,41.856],[95.7719,41.8297],[95.8639,41.855],[96.0358,41.9953],[96.0178,42.1387],[96.0438,42.4999],[96.0909,42.5869],[96.3725,42.7307]],[[104.3585,37.4012],[104.4252,37.4986],[104.5224,37.53],[104.647,37.5066],[104.9443,37.5457],[105.0849,37.6607],[105.3544,37.7526],[105.5341,37.725],[105.6587,37.7398],[105.7881,37.8051],[105.8247,38.0055],[105.7556,38.1355],[105.8281,38.2268],[105.8412,38.5713],[105.8966,38.7362],[106.0603,38.9791],[106.1132,39.1208],[106.2834,39.1565],[106.2757,39.2692],[106.347,39.2938],[106.4969,39.2858],[106.6141,39.3583],[106.7891,39.361],[106.8082,39.1991],[106.9119,39.0692],[106.9778,39.0356],[106.9317,38.9211],[106.7044,38.6372],[106.645,38.4592],[106.4701,38.2907],[106.8292,38.1504],[107.0608,38.1149],[107.1626,38.1386],[107.3242,38.0659],[107.4047,37.9217],[107.6576,37.8529],[107.6067,37.7657],[107.5094,37.7643],[107.4361,37.6635],[107.3172,37.5902],[107.3222,37.5276],[107.238,37.3014],[107.325,37.1636],[107.2855,37.0685]],[[105.4986,32.9074],[105.5683,32.7305],[105.6333,32.7075],[105.7245,32.7598],[105.8134,32.7621],[105.8755,32.8447],[106.0823,32.8735],[106.0565,32.7136],[106.1149,32.6488],[106.2289,32.592],[106.364,32.6387],[106.604,32.6755],[106.7126,32.7378],[107.0653,32.7083],[107.0962,32.6692],[107.07,32.5229],[107.2022,32.4528],[107.2841,32.4529],[107.3705,32.5198],[107.4483,32.5222],[107.4596,32.4086],[107.6592,32.3886],[107.7729,32.3107],[107.8435,32.2282],[107.9601,32.1583],[108.0518,32.2266],[108.2367,32.2627],[108.4794,32.2503],[108.5184,32.1976],[108.389,32.1843],[108.4192,32.1],[108.3447,32.0735],[108.2678,31.9729],[108.287,31.9222],[108.5007,31.7908],[108.5162,31.7083],[108.4068,31.566],[108.3232,31.4994],[108.2231,31.4679],[108.194,31.3309],[108.0331,31.2222],[108.0068,31.0386],[107.9317,30.9488],[107.9295,30.8727],[107.8499,30.8096],[107.7691,30.8274],[107.7363,30.8832],[107.6209,30.8374],[107.5076,30.822],[107.4567,30.7609],[107.4776,30.6095],[107.3721,30.4999],[107.2287,30.2382],[107.0329,30.0579],[106.7704,30.0366],[106.7173,30.0593],[106.6178,30.2687],[106.5323,30.3377],[106.4487,30.3239],[106.3849,30.2636],[106.239,30.2202],[106.1247,30.3423],[105.9988,30.3851],[105.7917,30.4234],[105.7087,30.2741],[105.5572,30.1476],[105.7389,30.0326],[105.71,29.8675],[105.5575,29.8039],[105.5515,29.7476],[105.4117,29.7032],[105.2911,29.5848],[105.3148,29.4696],[105.4052,29.43],[105.4224,29.3336],[105.5058,29.2915],[105.6446,29.2697],[105.7006,29.2237],[105.7453,28.9948],[105.7951,28.9365],[105.878,28.92],[106.0084,28.9734],[106.2603,28.8693],[106.2574,28.7938],[106.298,28.6724],[106.3824,28.5725],[106.4887,28.541],[106.5624,28.7671],[106.6265,28.6374],[106.5624,28.5107],[106.75,28.5022],[106.762,28.5909],[106.829,28.6087],[106.8351,28.7305],[106.8894,28.8014],[106.9733,28.8045],[107.0307,28.8876],[107.1611,28.8813],[107.297,28.8084],[107.4368,28.8773],[107.4997,28.9931],[107.424,29.077],[107.4305,29.1829],[107.4961,29.2461],[107.5572,29.1868],[107.7835,29.1374],[107.7898,29.0402],[107.8754,28.9841],[108.0546,29.0645],[108.2862,29.0772],[108.3405,28.9197],[108.3673,28.777],[108.3303,28.6892],[108.5824,28.6011],[108.5828,28.3742],[108.73,28.4754],[108.7837,28.4261],[108.7285,28.2422],[108.9429,28.1999],[109.095,28.2052],[109.1553,28.4355],[109.2584,28.5059],[109.2639,28.3222],[109.3543,28.2652],[109.2987,28.0947],[109.3627,28.0296],[109.3099,27.9703],[109.3282,27.8077],[109.4134,27.739],[109.4473,27.65],[109.4184,27.5595],[109.3184,27.5006],[109.2769,27.4385],[109.2064,27.4448],[109.0149,27.2622],[108.9001,27.1888],[108.8968,27.1472],[108.7913,27.0831],[108.8742,27.0181],[108.9502,27.0269],[109.0078,27.0941],[109.0955,27.1344],[109.1556,27.0797],[109.2306,27.152],[109.4382,27.131],[109.4992,27.0625],[109.5071,26.9764],[109.4438,26.901],[109.5053,26.8248],[109.3971,26.7547],[109.294,26.7273],[109.3772,26.6462],[109.4026,26.5373],[109.315,26.4257],[109.2966,26.3125],[109.3993,26.2699],[109.4275,26.0986],[109.4567,26.0389],[109.3991,25.9985],[109.3004,25.7431],[109.1486,25.7507],[109.0854,25.8054],[108.9533,25.7757],[108.9527,25.6914],[109.0442,25.7091],[109.0244,25.595],[108.9412,25.5488],[108.7741,25.5219],[108.7678,25.5989],[108.6946,25.602],[108.5679,25.4159],[108.4048,25.5149],[108.2934,25.5387],[108.1318,25.3864],[108.1292,25.2688],[108.0678,25.2131],[107.9666,25.209],[107.8619,25.146],[107.776,25.153],[107.6416,25.2675],[107.4989,25.2141],[107.4241,25.3031],[107.3979,25.3873],[107.2442,25.5586],[107.0219,25.498],[106.9746,25.4404],[107.0146,25.3534],[106.9955,25.2554],[106.9093,25.2484],[106.886,25.197],[106.6668,25.1735],[106.5871,25.1044],[106.3066,24.9815],[106.1557,24.9604],[106.1987,24.8768],[106.1762,24.7822],[106.0012,24.6485],[105.9165,24.7287],[105.7877,24.7157],[105.6753,24.7897],[105.5086,24.8175],[105.4444,24.9236],[105.3807,24.9571],[105.2894,24.9332],[105.2059,25.0039],[105.1001,24.9543],[105.0125,24.7975],[104.8767,24.755],[104.8519,24.7058],[104.7293,24.6314],[104.5399,24.7418],[104.4946,24.6982],[104.5019,24.5782],[104.5992,24.4025],[104.667,24.3398],[104.7287,24.3642],[104.7527,24.4683],[104.9611,24.4164],[105.0608,24.4307],[105.1762,24.3099],[105.1699,24.1674],[105.253,24.0855],[105.3203,24.1181],[105.4472,24.0376],[105.5321,24.1263],[105.6083,24.1403],[105.6409,24.0825],[105.788,24.0207],[105.8722,24.0247],[105.9708,24.0877],[106.1574,23.9737],[106.1938,23.8694],[106.1341,23.7967],[106.1522,23.7504],[106.1281,23.5407],[105.983,23.469],[105.848,23.5194],[105.7017,23.3593],[105.6289,23.3473],[105.6188,23.2847],[105.5121,23.1523]],[[101.7775,33.53],[101.6911,33.4203],[101.6651,33.3204],[101.7269,33.2678],[101.6436,33.1278],[101.4452,33.2359],[101.22,33.1706],[101.1641,33.1281],[101.1314,32.9384],[101.2319,32.8577],[101.2366,32.8075],[101.1708,32.6883],[101.0495,32.6756],[100.9022,32.6305],[100.6971,32.6857],[100.6429,32.5945],[100.603,32.4512],[100.5312,32.4034],[100.473,32.4853],[100.5609,32.5633],[100.4985,32.6691],[100.3994,32.7584],[100.255,32.7258],[100.2232,32.6369],[100.119,32.6709],[100.1586,32.7823],[100.1366,32.8475],[100.0469,32.9355],[99.841,32.957],[99.7693,32.9218],[99.7289,32.7577],[99.6985,32.7446],[99.5094,32.8354],[99.2894,32.8871],[99.2253,32.9989],[99.1006,33.0725],[98.8521,33.1749],[98.7729,33.3027],[98.7357,33.4898],[98.6333,33.6077],[98.6458,33.6762],[98.4579,33.8401],[98.3017,33.8458],[98.2118,33.9395],[98.0349,33.9598],[97.8191,33.8642],[97.7451,33.8649],[97.6957,34.0052],[97.6102,33.9309],[97.3835,33.8699],[97.3905,33.6114],[97.4774,33.5622],[97.5393,33.4537],[97.7243,33.4061],[97.6157,33.3284],[97.5005,33.1944],[97.4765,33.1203],[97.5043,33.0456],[97.4687,32.9825],[97.361,32.897],[97.3842,32.7792],[97.4307,32.7003],[97.6637,32.5599],[97.7157,32.5442],[97.6309,32.4441],[97.5623,32.4843],[97.3609,32.5002],[97.3263,32.4236],[97.3932,32.385],[97.3598,32.2605],[97.2544,32.204],[97.2549,32.0758],[97.1241,32.0093],[97.0181,32.0229],[96.9146,31.9901],[96.7541,31.9738],[96.7864,31.9101],[96.7529,31.8387],[96.7954,31.7155],[96.7374,31.6798],[96.6642,31.7211],[96.4832,31.7535],[96.2782,31.9091],[96.1826,31.8712],[96.1478,31.7799],[96.2129,31.7351],[96.2146,31.6068],[96.1673,31.548],[96.0942,31.7005],[95.8489,31.7143],[95.7738,31.698],[95.725,31.7464],[95.5927,31.7616],[95.4971,31.7417],[95.4068,31.8107],[95.3543,31.9544],[95.4253,32.0948],[95.3821,32.1701],[95.2591,32.2441],[95.0618,32.2612],[94.9513,32.3372],[94.9389,32.4282],[94.8522,32.5001],[94.7552,32.5355],[94.7218,32.5929],[94.5822,32.6722],[94.3169,32.5408],[94.1783,32.5223],[94.1108,32.4782],[93.8774,32.4954],[93.7342,32.5725],[93.5972,32.5646],[93.5104,32.5161],[93.4426,32.5633],[93.3453,32.5777],[93.2185,32.6598],[93.0313,32.6635],[93.0059,32.7346],[92.85,32.7289],[92.7273,32.7606],[92.65,32.7404],[92.4658,32.7694],[92.2214,32.745],[92.1961,32.8686],[92.0861,32.8856],[91.9768,32.8486],[91.8131,32.9683],[91.7203,32.9825],[91.5427,33.0803],[91.3765,33.2713],[91.3616,33.337],[91.1892,33.337],[91.1279,33.2543],[90.9499,33.2394],[90.8041,33.1405],[90.6603,33.1559],[90.4363,33.2822],[90.3232,33.2887],[90.2057,33.4015],[90.2032,33.5001],[90.1406,33.5782],[89.9751,33.6306],[89.8772,33.8227],[89.7419,33.9095],[89.6367,34.0934],[89.7866,34.1985],[89.8403,34.3833],[89.7957,34.4084],[89.7911,34.5541],[89.7239,34.7396],[89.8252,34.8461],[89.7877,34.9264],[89.5836,34.9409],[89.5717,35.0733],[89.4548,35.2128],[89.4843,35.3422],[89.7301,35.4437],[89.6903,35.5086],[89.7151,35.6423],[89.7889,35.7755],[89.7888,35.8269],[89.5814,35.8398],[89.4846,35.8802],[89.4351,35.9878],[89.5147,36.0533],[89.6778,36.082],[89.8668,36.0656],[89.972,36.1049],[90.0138,36.2528],[90.1657,36.1292],[90.6227,36.1111],[90.8294,36.0104],[90.915,36.0133],[91.1113,36.0739],[91.1358,36.1406],[91.061,36.3135],[91.0067,36.5035],[90.8053,36.5585],[90.7105,36.6362],[90.6881,36.6985],[90.7124,36.8215],[90.8078,36.9106],[90.8911,36.9395],[91.055,36.9451],[91.1914,37.0015],[91.2876,37.0135],[91.3163,37.119],[91.235,37.1954],[91.1517,37.3233],[91.0737,37.4879],[90.9572,37.5194],[90.8345,37.6078],[90.4365,37.7786],[90.4101,37.847],[90.4393,37.9961],[90.1935,38.3257],[90.1509,38.4328],[90.3125,38.4658],[90.4782,38.5325],[90.636,38.6243],[90.6535,38.6741],[91.0125,38.6987],[91.2944,38.7451],[91.4916,38.8173],[91.6286,38.8257],[92.1227,38.9406],[92.3331,39.0499],[92.936,39.1529]],[[97.7157,32.5442],[98.0142,32.4645],[98.0806,32.4047],[98.2058,32.3556],[98.2202,32.2522],[98.3096,32.1287],[98.453,31.9841],[98.4208,31.8782],[98.4455,31.8036],[98.5587,31.6771],[98.5922,31.5988],[98.885,31.3541],[98.7678,31.2304],[98.6827,31.3159],[98.6114,31.2562],[98.6203,31.1879],[98.803,30.991],[98.7751,30.9022],[98.9543,30.7479],[98.9054,30.6638],[98.9328,30.4907],[98.9607,30.46],[98.9868,30.1444],[99.0341,30.0553],[99.0563,29.9153],[99.0055,29.8201],[98.9868,29.6509],[99.042,29.5625],[99.0625,29.3083],[99.1088,29.2238],[98.9902,29.202],[99.0063,29.0732],[98.9324,28.9863],[98.9089,28.9124],[98.9456,28.842],[98.8735,28.8118],[98.8204,28.886],[98.785,29.0002],[98.6648,28.9742],[98.6387,28.8787],[98.6781,28.7571],[98.5892,28.6703],[98.6404,28.4241],[98.5758,28.3175],[98.4899,28.2481],[98.41,28.2506],[98.2998,28.3548],[98.2302,28.2029],[98.0995,28.14]],[[89.6778,36.082],[89.2236,36.2636],[88.9583,36.2873],[88.8281,36.3737],[88.7117,36.3684],[88.5224,36.4143],[88.4592,36.4489],[88.0001,36.4284],[87.9245,36.3826],[87.5709,36.3338],[87.3456,36.3741],[87.1938,36.304],[86.787,36.2603],[86.7139,36.2315],[86.4594,36.2194],[86.3995,36.17],[86.2123,36.1159],[86.0874,35.8756],[85.9299,35.7617],[85.7169,35.7593],[85.6198,35.6754],[85.3893,35.7567],[85.2603,35.7304],[85.1498,35.7498],[84.9236,35.6893],[84.7776,35.6005],[84.5634,35.5595],[84.2147,35.389],[84.1332,35.3775],[83.9844,35.416],[83.8707,35.3745],[83.5648,35.3607],[83.4526,35.3936],[83.2461,35.4212],[83.0987,35.4128],[82.9718,35.4904],[82.9784,35.6008],[82.9359,35.6741],[82.7846,35.6845],[82.7104,35.6502],[82.4282,35.6898],[82.3189,35.6337],[82.2892,35.545],[82.086,35.448],[82.0022,35.3194],[81.7114,35.2457],[81.5451,35.2518],[81.4618,35.3102],[81.3573,35.3324],[81.2102,35.3169],[81.0609,35.3886],[80.9789,35.2934],[80.8585,35.3471],[80.7661,35.3434],[80.6561,35.3843],[80.486,35.4042],[80.3192,35.5093],[80.2629,35.4357],[80.1762,35.2532],[80.0142,35.0859],[80.0469,35.0177],[79.8838,34.9196],[79.9563,34.6848],[79.794,34.431],[79.7173,34.4128],[79.5126,34.4717],[79.3384,34.4308],[79.2045,34.4394],[78.9473,34.336]],[[104.5399,24.7418],[104.5456,24.8134],[104.707,25.0173],[104.689,25.1013],[104.7197,25.2109],[104.6689,25.2968],[104.5658,25.3812],[104.5535,25.4845],[104.4327,25.5068],[104.4224,25.5793],[104.3062,25.6648],[104.4206,25.8569],[104.3929,25.9479],[104.499,26.0308],[104.505,26.1474],[104.5452,26.2704],[104.6755,26.3793],[104.6265,26.4977],[104.5594,26.5847],[104.4662,26.6135],[104.4299,26.7125],[104.3585,26.6478],[104.2181,26.6266],[104.1534,26.6512],[104.0204,26.5142],[103.8292,26.5471],[103.7578,26.6294],[103.7751,26.7317],[103.7173,26.799],[103.7783,26.88],[103.7783,26.9559],[103.7009,27.0524],[103.5964,27.0761],[103.6954,27.1517],[103.8593,27.3154],[103.9113,27.3904],[103.9811,27.3995],[104.1743,27.2715],[104.3444,27.4412],[104.4437,27.3472],[104.5942,27.3138],[104.7834,27.3322],[104.8709,27.3098],[105.0826,27.4125],[105.1974,27.3986],[105.297,27.7217],[105.3608,27.76],[105.5245,27.7746],[105.6469,27.6781],[105.8759,27.7452],[106.0392,27.7568],[106.1036,27.7881],[106.2476,27.7752],[106.3454,27.8349],[106.299,28.0004],[106.2153,28.0561],[106.1993,28.1243],[106.1094,28.1747],[106.009,28.1402],[105.9062,28.1506],[105.8468,28.2692],[105.6672,28.3183],[105.6558,28.4411],[105.6206,28.4824],[105.6832,28.5834],[105.8919,28.6093],[105.9844,28.7535],[106.1888,28.5846],[106.2687,28.5566],[106.3387,28.4801],[106.3824,28.5725]],[[109.4567,26.0389],[109.6032,26.0527],[109.6723,25.9853],[109.6766,25.8891],[109.772,25.9082],[109.7813,26.0238],[109.8384,26.045],[109.9117,26.1812],[110.062,26.1499],[110.0336,26.0365],[110.1382,26.0517],[110.247,25.9782],[110.3417,26.1127],[110.4846,26.1716],[110.5365,26.2249],[110.5771,26.3508],[110.6886,26.3323],[110.724,26.2743],[110.8789,26.2752],[110.9355,26.3825],[111.1233,26.306],[111.2519,26.2797],[111.2567,26.2101],[111.2021,25.9303],[111.2562,25.869],[111.4083,25.9078],[111.4113,25.8026],[111.3237,25.7298],[111.305,25.6392],[111.3158,25.5032],[111.2538,25.3991],[111.1642,25.3649],[111.1138,25.2386],[110.9932,25.1508],[110.9546,25.0253],[111.0063,24.9355],[111.079,24.9442],[111.1258,25.0445],[111.2744,25.1477],[111.4269,25.1062],[111.4619,25.0195],[111.4297,24.9434],[111.4736,24.7929],[111.4282,24.681],[111.5169,24.6427],[111.6158,24.707],[111.6671,24.7797],[111.797,24.7604],[111.926,24.7749],[111.9966,24.7357],[111.9325,24.6983],[111.9333,24.6014],[112.0055,24.5531],[111.9909,24.4659],[112.0473,24.3815],[111.9759,24.2768],[111.8693,24.2318],[111.8991,23.9909],[111.8079,23.9092],[111.7933,23.8492],[111.6575,23.8417],[111.6137,23.7599],[111.6012,23.658],[111.471,23.6132],[111.4693,23.5579],[111.3912,23.4313],[111.3628,23.273],[111.37,23.1391],[111.411,23.0526],[111.3512,22.9082],[111.2772,22.8185],[111.1815,22.7485],[111.066,22.7406],[111.0238,22.6387],[110.7546,22.5802],[110.697,22.3687],[110.7746,22.2837],[110.6708,22.2676],[110.6424,22.1835],[110.4667,22.151],[110.4141,22.1983],[110.3336,22.1905],[110.3555,22.1008],[110.3559,21.889],[110.2161,21.8745],[110.1424,21.8974],[109.9672,21.8667],[109.9172,21.6872],[109.7594,21.5601]],[[111.9966,24.7357],[112.0664,24.7966],[112.1448,24.7936],[112.1648,24.912],[112.121,24.9493],[112.1827,25.1526],[112.214,25.2004],[112.4584,25.1643],[112.6633,25.1131],[112.7141,24.9995],[112.8078,24.9428],[112.9889,24.9639],[112.9588,25.0561],[112.9691,25.1806],[112.8891,25.2415],[112.9174,25.3249],[113.0898,25.4142],[113.2175,25.5056],[113.4216,25.3838],[113.5234,25.3856],[113.5825,25.3259],[113.7139,25.3609],[113.8281,25.3567],[113.9275,25.4481],[114.0121,25.4351],[114.026,25.2677],[114.115,25.3084],[114.2788,25.2918],[114.3844,25.3353],[114.4292,25.386],[114.5693,25.4069],[114.5805,25.3601],[114.7069,25.2896],[114.6831,25.1635],[114.7293,25.1189],[114.5482,25.0545],[114.4135,24.9797],[114.3836,24.8847],[114.3016,24.7586],[114.1923,24.6953],[114.2894,24.5956],[114.4249,24.4996],[114.4981,24.5558],[114.6419,24.5853],[114.7116,24.5545],[114.7405,24.6252],[114.8627,24.5878],[114.9446,24.67],[115.047,24.7067],[115.1391,24.6842],[115.2397,24.7461],[115.4206,24.7846],[115.5411,24.6855],[115.5992,24.6091],[115.7058,24.5457],[115.7992,24.5727],[115.7491,24.7477],[115.7873,24.8609],[115.8875,24.9168],[116.0357,24.8936],[116.1147,24.8461],[116.3721,24.8413],[116.5296,24.6154],[116.6038,24.6558],[116.7453,24.6709],[116.7486,24.5515],[116.8824,24.394],[116.9677,24.1851],[116.9248,24.0776],[117.0365,23.7383],[117.175,23.6157]],[[109.2584,28.5059],[109.2846,28.5735],[109.2132,28.6288],[109.2812,28.7291],[109.2467,28.7855],[109.2455,28.9313],[109.2748,29.0493],[109.0773,29.2141],[109.0142,29.3075],[108.9206,29.349],[108.872,29.5016],[108.872,29.639],[108.696,29.6982],[108.6584,29.817],[108.613,29.858],[108.5126,29.7219],[108.4468,29.7358],[108.4004,29.8311],[108.5382,29.8855],[108.5504,30.0093],[108.53,30.113],[108.532,30.3155],[108.3806,30.3997],[108.4332,30.4873],[108.5731,30.4979],[108.67,30.5738],[108.7102,30.5228],[108.8684,30.5514],[108.9646,30.6075],[109.1793,30.5668],[109.2482,30.5974],[109.3942,30.5837],[109.6398,30.7179],[109.7486,30.8354],[109.8707,30.8886],[109.9967,30.8262],[110.0662,30.8285],[110.1277,30.9064],[110.1376,31.0002],[110.1076,31.1223],[110.1749,31.1887],[110.1467,31.3311],[110.1082,31.398],[109.9295,31.5187],[109.7326,31.5611],[109.7245,31.6361],[109.6588,31.7181],[109.594,31.7376],[109.336,31.7052],[109.2526,31.744],[109.1889,31.8403],[109.0559,31.9406],[108.7893,32.0453],[108.5184,32.1976]],[[105.297,27.7217],[105.2281,27.8558],[105.2824,28.0007],[105.2033,28.0015],[105.1719,28.0617],[105.0557,28.0881],[104.9662,28.0478],[104.9583,27.9565],[104.8974,27.9011],[104.7024,27.883],[104.6048,27.8458],[104.4825,27.891],[104.3754,27.9617],[104.3338,28.0467],[104.4446,28.0999],[104.3765,28.2823],[104.2685,28.3338],[104.2501,28.5308],[104.44,28.6054],[104.4142,28.6401],[104.0568,28.6305],[103.8367,28.6049],[103.7952,28.5312],[103.8803,28.3257],[103.7089,28.2159],[103.6663,28.2633],[103.5718,28.2432],[103.459,28.1348],[103.4346,28.0682],[103.5142,27.9714],[103.5085,27.8645],[103.4148,27.7429],[103.2181,27.5669],[103.1208,27.4123],[102.9774,27.3889],[102.8895,27.2915],[102.9139,27.1123],[102.8782,27.032],[102.9013,26.9247],[102.9753,26.8311],[103.0579,26.5572],[102.9958,26.4854],[103.0033,26.4004],[102.9514,26.3451],[102.8782,26.3651],[102.7203,26.2376],[102.6099,26.2602],[102.6265,26.3451],[102.5681,26.3786],[102.4006,26.3118],[102.3583,26.2626],[102.2521,26.2289],[102.1126,26.0844],[101.9216,26.0989],[101.8495,26.0348],[101.7757,26.1065],[101.7637,26.1763],[101.6766,26.2277],[101.5949,26.2087],[101.58,26.3069],[101.6436,26.3495],[101.5442,26.495],[101.4124,26.5697],[101.4947,26.7056],[101.5029,26.7664],[101.3707,26.7746],[101.3424,26.871],[101.1415,27.0449],[101.1728,27.1911],[101.0038,27.1975],[100.9917,27.3308],[100.9408,27.4347],[100.8669,27.4947],[100.8721,27.562],[100.6609,27.8751],[100.6254,27.8973],[100.5326,27.8163],[100.4095,27.829],[100.3492,27.7467],[100.2959,27.8526],[100.2021,27.8988],[100.0588,28.0661],[100.0469,28.1871],[100.162,28.2363],[100.1431,28.3416],[100.001,28.4562],[99.9339,28.5694],[99.8456,28.6038],[99.8284,28.6726],[99.7323,28.745],[99.7047,28.8446],[99.6287,28.8146],[99.5344,28.6808],[99.5029,28.5794],[99.3931,28.5428],[99.3886,28.3343],[99.4164,28.2548],[99.3815,28.1845],[99.2747,28.2773],[99.1626,28.4382],[99.1695,28.6025],[99.1177,28.7087],[99.0993,28.856],[99.1211,28.9647],[99.1088,29.2238]],[[109.594,31.7376],[109.6102,31.9273],[109.6663,32.043],[109.619,32.1889],[109.5477,32.2336],[109.4874,32.3359],[109.5613,32.405],[109.5794,32.5412],[109.6348,32.5906],[109.8795,32.5916],[110.0009,32.5519],[110.0738,32.6166],[110.1683,32.6223],[110.155,32.7296],[110.0958,32.8413],[109.8991,32.9144],[109.8358,32.8959],[109.7396,32.93],[109.7812,33.0448],[109.7573,33.0801],[109.491,33.145],[109.5157,33.2371],[109.6597,33.2641],[109.8753,33.2434],[109.9599,33.2141],[110.0943,33.2133],[110.2344,33.1563],[110.4323,33.1731],[110.5474,33.2453],[110.6045,33.1539],[110.7113,33.1081],[110.8234,33.1989],[110.9001,33.2052],[110.9746,33.2665],[111.0156,33.3744],[111.0106,33.5002],[110.9682,33.5988],[110.7921,33.7051],[110.7492,33.8028],[110.5938,33.8797],[110.6424,33.9803],[110.5936,34.0653],[110.6067,34.1705],[110.4338,34.2614],[110.4787,34.3264],[110.3741,34.4037],[110.3277,34.4798],[110.336,34.6158],[110.2523,34.6633],[110.2374,34.8014],[110.2597,34.9448],[110.3354,35.198],[110.4248,35.2942],[110.6198,35.5973],[110.5756,35.7125],[110.5604,35.8492],[110.511,35.8869],[110.4472,36.1419],[110.4732,36.2637],[110.459,36.3494],[110.4961,36.4841],[110.4832,36.593],[110.3975,36.7814],[110.3895,37.022],[110.4601,37.0513],[110.665,37.2823],[110.6874,37.3572],[110.6303,37.3966],[110.7463,37.4803],[110.7888,37.5614],[110.7531,37.7458],[110.6534,37.8132],[110.5893,37.9191],[110.515,37.955],[110.5112,38.2022],[110.5797,38.2873],[110.6712,38.317],[110.7743,38.4262],[110.8598,38.468],[110.8994,38.5455],[110.8718,38.6214],[110.9803,38.8166],[110.995,39.0038],[111.118,39.0674],[111.2249,39.3105],[111.041,39.423],[111.1371,39.565],[111.0131,39.5649],[110.8457,39.4652],[110.6849,39.2644],[110.6034,39.2672],[110.4942,39.3743],[110.3381,39.3181],[110.2252,39.4241],[110.1092,39.4284],[110.1769,39.2852],[109.9633,39.1813],[109.8206,39.0545],[109.6743,39.0112],[109.6353,38.9058],[109.538,38.7852],[109.4239,38.7691],[109.3132,38.6205],[109.16,38.5421],[108.9864,38.3352],[108.9535,38.1991],[109.028,38.111],[109.001,37.9885],[108.9543,37.9255],[108.8633,37.9876],[108.7907,37.9418],[108.7643,37.6819],[108.4964,37.6686],[108.333,37.6336],[108.0387,37.6325],[107.9911,37.7257],[107.885,37.8016],[107.6576,37.8529]],[[109.2066,29.1042],[109.2692,29.2423],[109.3382,29.2897],[109.4323,29.5339],[109.4722,29.5682],[109.7,29.6557],[109.7832,29.7349],[110.1039,29.7854],[110.2251,29.7373],[110.3617,29.6501],[110.4467,29.7267],[110.5255,29.7252],[110.5912,29.7714],[110.5006,29.8626],[110.4632,30.014],[110.5434,30.055],[110.7156,30.0296],[110.7419,30.0962],[111.2462,30.0317],[111.415,29.9258],[111.5849,29.9044],[111.7686,29.9196],[111.9236,29.8564],[112.1263,29.7072],[112.17,29.649],[112.3631,29.5722],[112.4439,29.6414],[112.6481,29.6269],[112.7862,29.7367],[112.8862,29.7918],[112.9456,29.7093],[112.9085,29.6008],[112.9278,29.4952],[113.0081,29.5181],[113.1457,29.4721],[113.1862,29.5317],[113.4158,29.7646],[113.5195,29.8417],[113.5362,29.6857],[113.6347,29.6848],[113.6726,29.5448],[113.7294,29.4371],[113.5877,29.2938],[113.6414,29.2218],[113.6549,29.124],[113.7112,29.0729],[113.7728,29.1253],[113.9024,29.0663],[114.0635,29.2032],[114.2465,29.2489],[114.2427,29.3085],[114.3081,29.3545],[114.4695,29.3179],[114.7087,29.3895],[114.8182,29.3939],[114.8952,29.5202],[114.9728,29.56],[115.2721,29.6147],[115.4169,29.7117],[115.4862,29.8643],[115.7052,29.8608],[115.8559,29.7386],[115.999,29.7441],[116.1473,29.7888],[116.1256,29.9047],[116.0781,29.9687],[116.0809,30.0468],[116.0405,30.2214],[115.912,30.3156],[115.8768,30.3898],[115.9466,30.4883],[115.8331,30.594],[115.7678,30.6882],[115.7753,30.7548],[115.8622,30.7848],[115.8586,30.861],[116.036,30.9889],[115.9464,31.034],[115.8769,31.1294],[115.7684,31.1436],[115.6687,31.2172],[115.55,31.1827],[115.374,31.4175],[115.3897,31.5117],[115.5315,31.7364],[115.6629,31.784],[115.9013,31.7945],[115.9281,32.0246],[115.9148,32.25],[115.8885,32.3939],[115.7901,32.4707],[115.6938,32.4918],[115.6466,32.4024],[115.5648,32.4024],[115.4569,32.5074],[115.3667,32.5595],[115.1993,32.5915],[115.1847,32.8591],[114.9252,32.9582],[114.8798,32.9934],[114.8866,33.0834],[114.9692,33.1237],[115.1428,33.0843],[115.251,33.1206],[115.3453,33.2506],[115.3157,33.374],[115.3464,33.453],[115.4426,33.5481],[115.6347,33.5918],[115.5735,33.7502],[115.6299,33.8388],[115.5614,33.8981],[115.5862,33.9796],[115.6536,34.0484],[115.733,34.0656],[115.8411,34.0069],[115.9614,34.0001],[115.9707,33.9048],[116.0796,33.7784],[116.182,33.7183],[116.4207,33.7908],[116.4453,33.845],[116.6412,33.9532],[116.5429,34.1209],[116.5751,34.1921],[116.5521,34.2868],[116.401,34.275],[116.1567,34.4473],[116.1513,34.5667],[116.2669,34.5767],[116.3772,34.6395],[116.4281,34.6397],[116.6249,34.485],[116.7695,34.4518],[116.8023,34.4001],[116.9495,34.3893],[116.9695,34.2754],[117.0339,34.1555],[117.1594,34.0912],[117.3213,34.0789],[117.3917,34.0313],[117.5035,34.0498],[117.5724,33.9905],[117.6509,33.9825],[117.6875,33.8876],[117.7456,33.8823],[117.7522,33.7244],[118.1237,33.766],[118.1767,33.6926],[118.1215,33.6113],[117.9319,33.2351],[117.9964,33.1678],[118.0807,33.1496],[118.218,33.1799],[118.2484,33.0134],[118.239,32.9237],[118.2997,32.7774],[118.3991,32.7309],[118.7202,32.7321],[118.7482,32.8385],[118.7977,32.8651],[118.8574,32.9723],[118.993,32.962],[119.0089,32.9095],[119.1095,32.8339],[119.1904,32.7112],[119.1994,32.5937],[119.0805,32.4461],[118.8913,32.5957],[118.7519,32.6125],[118.5518,32.5744],[118.6118,32.4777],[118.6679,32.4532],[118.6841,32.3392],[118.6504,32.2379],[118.5144,32.1998],[118.4991,32.1377],[118.3831,32.054],[118.352,31.9467],[118.4811,31.8587],[118.4769,31.7902],[118.6844,31.7009],[118.6807,31.6468],[118.8605,31.6274],[118.8809,31.5224],[118.8272,31.3975],[118.751,31.358],[118.7557,31.2808],[118.8161,31.2263],[119.0747,31.2388],[119.1629,31.2874],[119.3168,31.2667],[119.3628,31.1924],[119.6298,31.1329],[119.575,30.8471],[119.5005,30.7694],[119.4431,30.6392],[119.3506,30.6754],[119.2415,30.5508],[119.3208,30.5182],[119.3629,30.4045],[119.2107,30.3137],[119.0575,30.3119],[118.9347,30.3521],[118.8811,30.3244],[118.9095,30.2222],[118.8527,30.1593],[118.894,29.9826],[118.8201,29.88],[118.7413,29.8284],[118.7237,29.7302],[118.6481,29.6583],[118.5569,29.6252],[118.4696,29.5239],[118.3732,29.4528],[118.1747,29.4079],[118.1134,29.5187],[117.9859,29.572],[117.8986,29.549],[117.7077,29.5556],[117.6492,29.6059],[117.5274,29.6224],[117.4022,29.7731],[117.4063,29.8312],[117.2743,29.8295],[117.2255,29.9067],[117.1252,29.9106],[117.0671,29.8406],[117.1067,29.7864],[117.0791,29.7102],[116.9551,29.6539],[116.8883,29.5605],[116.7486,29.5449],[116.6485,29.6274],[116.675,29.708],[116.7979,29.7559],[116.8868,29.9204],[116.7914,30.022],[116.6505,30.0507],[116.4925,29.8847],[116.3895,29.8761],[116.2362,29.7813],[116.1473,29.7888]],[[116.7934,39.6023],[116.6044,39.6112],[116.4283,39.5214],[116.3866,39.4421],[116.2498,39.5058],[116.2104,39.5719],[116.0006,39.5576],[115.9454,39.5754],[115.7559,39.509],[115.6185,39.6037],[115.4634,39.6432],[115.4373,39.7493],[115.5109,39.8385],[115.4964,39.9236],[115.4271,39.9626],[115.5776,40.0963],[115.8198,40.1519],[115.9452,40.2937],[115.7282,40.5396],[115.8745,40.6102],[115.9947,40.596],[116.1304,40.658],[116.2073,40.7504],[116.2914,40.7399],[116.4589,40.7916],[116.4382,40.8997],[116.6527,41.031],[116.6758,40.9401],[116.9104,40.7492],[117.058,40.6772],[117.1992,40.69],[117.3035,40.6618],[117.4285,40.669],[117.4118,40.5974],[117.2431,40.5702],[117.1841,40.4973],[117.2379,40.4502],[117.2505,40.3378],[117.3568,40.257],[117.372,40.2006],[117.3106,40.1105],[116.9877,40.0344],[116.8294,40.0367],[116.7442,39.959],[116.7814,39.8897],[116.9222,39.7736],[116.8756,39.6865],[116.7934,39.6023],[116.7912,39.4929],[116.8535,39.3414],[116.8261,39.2165],[116.8918,39.1025],[116.7122,39.0118],[116.6806,38.9159],[116.7108,38.8205],[116.8808,38.6994],[117.0211,38.7082],[117.0949,38.6118],[117.1894,38.6058],[117.2713,38.5592],[117.5578,38.6251]],[[117.3568,40.257],[117.4511,40.2267],[117.7497,40.0635],[117.7656,39.9641],[117.5013,39.9887],[117.5331,39.7504],[117.6225,39.6664],[117.6309,39.5759],[117.8928,39.5646],[117.8971,39.3987],[118.0079,39.3427],[118.0095,39.2204]],[[117.2391,40.0926],[117.1475,39.948],[117.2029,39.7616],[117.1528,39.6184],[116.8756,39.6865]],[[115.8875,24.9168],[115.8885,24.9999],[115.8428,25.1947],[115.908,25.2383],[115.9787,25.3508],[116.0002,25.4972],[116.0445,25.5746],[116.0276,25.6364],[116.1237,25.7642],[116.1352,25.8663],[116.1802,25.9072],[116.3232,25.9551],[116.3973,26.0615],[116.4193,26.1529],[116.399,26.2875],[116.5017,26.407],[116.5945,26.3951],[116.6195,26.4921],[116.5423,26.5628],[116.505,26.6893],[116.5453,26.8679],[116.6697,26.9869],[116.9234,27.021],[117.0401,27.1095],[117.1538,27.2764],[117.1011,27.3467],[117.1247,27.4299],[117.1123,27.5676],[117.2251,27.7234],[117.2871,27.7726],[117.2842,27.857],[117.5444,27.9667],[117.6053,27.8662],[117.7456,27.8133],[117.8234,27.9373],[117.9465,27.9732],[118.0613,27.979],[118.1307,28.0405],[118.3678,28.0997],[118.3489,28.2198],[118.4464,28.2887],[118.4989,28.2624],[118.7352,28.326],[118.797,28.2129],[118.7656,28.1782],[118.7481,27.9732],[118.8198,27.9099],[118.8895,27.7222],[118.9227,27.55],[119.0053,27.4801],[119.1858,27.4199],[119.2656,27.4241],[119.3904,27.5126],[119.4673,27.5253],[119.5117,27.6367],[119.6158,27.6656],[119.6866,27.5113],[119.6934,27.411],[119.7701,27.3159],[120.0644,27.3436],[120.1477,27.4002],[120.2489,27.4102],[120.344,27.3796],[120.4058,27.2969],[120.4238,27.2025]],[[118.4464,28.2887],[118.4763,28.3322],[118.4579,28.5174],[118.4159,28.604],[118.4255,28.6952],[118.3717,28.7986],[118.3029,28.8358],[118.229,28.9545],[118.0639,29.0506],[118.0008,29.1439],[118.052,29.2753],[118.1324,29.2979],[118.1747,29.4079]],[[115.374,31.4175],[115.2862,31.3951],[115.2185,31.4475],[115.2135,31.5456],[115.1286,31.5945],[115.0769,31.5155],[114.9989,31.4776],[114.7666,31.4905],[114.6382,31.568],[114.5479,31.5729],[114.5557,31.7377],[114.4953,31.7592],[114.3618,31.7343],[114.2674,31.8087],[114.144,31.8475],[114.0855,31.7838],[113.972,31.7466],[113.9596,31.8318],[113.8617,31.8627],[113.7944,31.9725],[113.7524,32.1376],[113.7817,32.1937],[113.7827,32.3594],[113.7292,32.4193],[113.6164,32.3857],[113.5277,32.2967],[113.436,32.2888],[113.183,32.4133],[113.0657,32.4174],[112.7509,32.3498],[112.5339,32.3768],[112.2858,32.3506],[112.1446,32.3946],[112.0533,32.4548],[111.7793,32.5204],[111.7112,32.6002],[111.6291,32.6265],[111.5316,32.6111],[111.5074,32.6821],[111.3633,32.8248],[111.2101,32.9302],[111.2163,32.9765],[111.1088,33.148],[111.0027,33.2075],[110.9746,33.2665]],[[116.1513,34.5667],[116.0437,34.6002],[115.8164,34.5714],[115.7068,34.6003],[115.6464,34.5687],[115.5417,34.5775],[115.4358,34.6757],[115.4293,34.7797],[115.3176,34.8428],[115.216,34.8357],[115.1745,34.9442],[114.9978,35.0078],[114.8342,35.0162],[114.8643,35.1887],[114.9417,35.2188],[115.0684,35.3801],[115.2265,35.4162],[115.345,35.4963],[115.3951,35.6158],[115.5042,35.7228],[115.655,35.7463],[115.7613,35.8492],[115.8738,35.8655],[115.8635,35.925],[115.9657,35.9859],[116.0337,35.9658],[116.0773,36.1031],[115.9269,36.022],[115.8287,36.031],[115.7387,35.9686],[115.5303,35.9112],[115.4682,35.9129],[115.4164,35.8238],[115.3176,35.7915],[115.3339,35.9311],[115.424,35.9946],[115.4603,36.1579],[115.4488,36.2492],[115.3433,36.3521],[115.2757,36.4742],[115.3416,36.5998],[115.4778,36.7536],[115.6264,36.7936],[115.773,36.9457],[115.8518,37.0572],[115.9072,37.2065],[115.975,37.3217],[116.115,37.3681],[116.2556,37.3873],[116.2199,37.4624],[116.3501,37.6209],[116.4106,37.4846],[116.6087,37.6394],[116.7439,37.7993],[116.8395,37.8337],[117.4206,37.8467],[117.5687,38.0489],[117.6873,38.0727],[117.7798,38.1644],[117.8389,38.2743]],[[116.3772,34.6395],[116.4202,34.8343],[116.47,34.8983],[116.6319,34.9379],[116.8276,34.9583],[116.9414,34.8796],[116.9933,34.774],[117.0606,34.7095],[117.1818,34.4501],[117.2355,34.4613],[117.2739,34.5637],[117.337,34.5886],[117.469,34.4753],[117.5907,34.4716],[117.6532,34.5261],[117.7733,34.5265],[117.7901,34.6512],[117.9147,34.677],[118.0504,34.6515],[118.1654,34.3992],[118.391,34.4437],[118.4227,34.5785],[118.4772,34.6892],[118.5964,34.7075],[118.6807,34.6839],[118.7594,34.7486],[118.7767,34.8336],[118.8423,34.9346],[118.8668,35.0363],[119.0763,35.0498],[119.1756,35.1059],[119.2951,35.0708]],[[119.6298,31.1329],[119.7401,31.1765],[119.9319,31.15],[119.9431,31.0866],[120.1286,30.9432],[120.2134,30.9205],[120.3617,30.9388],[120.4469,30.8897],[120.491,30.7637],[120.5779,30.8458],[120.7095,30.8911],[120.6921,30.9766],[120.9093,31.0117],[120.883,31.14],[121.0347,31.1438],[121.0586,31.2484],[121.1263,31.277],[121.1356,31.3744],[121.1868,31.4575],[121.351,31.4854]],[[113.9275,25.4481],[113.9824,25.5817],[113.9179,25.6602],[113.9072,25.7498],[114.0183,25.9346],[114.0414,26.0688],[114.2135,26.1698],[114.1622,26.2214],[114.0628,26.1778],[113.9395,26.2094],[113.9986,26.2831],[114.0149,26.3851],[114.0684,26.4537],[114.0851,26.5775],[113.8647,26.6559],[113.8316,26.8275],[113.8924,26.9453],[113.754,27.1419],[113.8236,27.2287],[113.851,27.3459],[113.7827,27.3708],[113.6675,27.3295],[113.6001,27.3682],[113.5621,27.5906],[113.611,27.6995],[113.701,27.8189],[113.706,27.9377],[113.7368,27.9816],[113.9165,28.0212],[114.0138,28.1065],[114.0282,28.1835],[114.0919,28.2577],[114.1845,28.2931],[114.2269,28.409],[114.177,28.5073],[114.0569,28.5643],[114.1128,28.6155],[114.1427,28.7885],[114.0121,28.9129],[113.9052,28.956],[113.9024,29.0663]],[[111.11,39.3852],[111.1994,39.4272],[111.3427,39.4444],[111.4212,39.5221],[111.4254,39.6254],[111.4899,39.6522],[111.6749,39.6359],[111.7612,39.598],[111.9215,39.6888],[112.099,40.0054],[112.1651,40.0593],[112.2793,40.229],[112.3992,40.2883],[112.5958,40.2378],[112.7342,40.1728],[112.8438,40.2257],[112.9614,40.3559],[113.0865,40.4044],[113.2299,40.4167],[113.3341,40.3187],[113.5183,40.3437],[113.6766,40.4285],[113.8085,40.4342],[114.0438,40.488],[114.0755,40.5502],[114.027,40.6352],[114.1541,40.7426],[114.1517,40.6736],[114.2576,40.55],[114.2858,40.3786],[114.4337,40.3605],[114.4503,40.2938],[114.0854,40.185],[113.996,40.1318],[113.9359,40.0157],[114.086,39.9169],[114.2332,39.8764],[114.3828,39.8611],[114.4021,39.6585],[114.5409,39.5312],[114.4203,39.3],[114.394,39.1693],[114.2163,39.069],[114.0891,39.0744],[114.0127,39.1188],[113.8533,39.0723],[113.7602,38.9092],[113.8251,38.8103],[113.669,38.6603],[113.609,38.6445],[113.5345,38.5373],[113.518,38.3776],[113.5579,38.2434],[113.7907,38.1529],[113.8915,37.9495],[113.9871,37.839],[114.0264,37.7508],[114.1004,37.6982],[114.0963,37.5995],[114.0531,37.5006],[113.8867,37.2961],[113.8577,37.2089],[113.7543,37.1149],[113.776,36.8906],[113.6792,36.8716],[113.6078,36.7691],[113.4539,36.7366],[113.4587,36.6358],[113.5474,36.5485],[113.5351,36.4834],[113.6308,36.4381],[113.721,36.3559],[113.6729,36.2215],[113.6871,36.0557],[113.6276,35.9532],[113.5847,35.6869],[113.6099,35.6461],[113.4913,35.5255],[113.3284,35.463],[113.1296,35.3523],[113.0198,35.3286],[112.9028,35.2406],[112.8076,35.242],[112.6825,35.3112],[112.526,35.2203],[112.0585,35.2345],[112.0611,35.1085],[111.8294,35.0826],[111.6222,34.9473],[111.5577,34.8634],[111.3943,34.8233],[111.3313,34.8409],[111.0257,34.7475],[110.8838,34.6661],[110.7658,34.6613],[110.7086,34.621],[110.5305,34.5837],[110.336,34.6158]],[[114.1541,40.7426],[114.0601,40.8137],[114.0186,40.9236],[113.908,41.0281],[113.8807,41.0993],[113.9638,41.1534],[113.9849,41.2409],[113.9089,41.294],[113.928,41.4184],[114.0273,41.5313],[114.1971,41.5936],[114.2135,41.7669],[114.2557,41.8601],[114.4197,41.9563],[114.4813,42.0753],[114.5963,42.1413],[114.7519,42.1399],[114.8049,42.1784],[114.9203,41.9369],[114.9313,41.8386],[114.8758,41.8117],[114.889,41.61],[115.0974,41.6162],[115.2259,41.5858],[115.3474,41.6241],[115.3398,41.7208],[115.5275,41.7723],[115.8588,41.9275],[115.9373,41.9275],[116.0379,41.8006],[116.1299,41.8729],[116.2071,41.884],[116.3775,42.0097],[116.4661,41.9476],[116.5997,41.9237],[116.8581,42.0195],[116.8789,42.2202],[116.8266,42.3082],[116.8871,42.3954],[117.0559,42.4628],[117.2439,42.4823],[117.4124,42.4581],[117.4504,42.5493],[117.5936,42.5516],[117.7426,42.5911],[117.8005,42.5688],[118.0242,42.3826],[118.0402,42.2888],[117.9893,42.2216],[118.086,42.1817],[118.1339,42.0219],[118.2679,42.0739],[118.3222,41.8635],[118.2782,41.7527],[118.1594,41.7191],[118.2444,41.5923],[118.3136,41.5696],[118.3703,41.314],[118.4784,41.3551],[118.7279,41.3473],[119.1527,41.3122],[119.231,41.2734],[119.1635,41.1764],[119.0478,41.0944],[118.9648,41.0747],[118.8547,40.8206],[119.0679,40.6513],[119.191,40.7004],[119.1898,40.6201],[119.2936,40.5307],[119.5637,40.5401],[119.5999,40.4769],[119.5801,40.3734],[119.6347,40.2091],[119.7426,40.2052],[119.738,40.0995],[119.8494,39.9871]],[[113.721,36.3559],[113.8083,36.3394],[113.9893,36.359],[114.0631,36.2771],[114.1563,36.2467],[114.3431,36.2447],[114.5484,36.139],[114.7072,36.1528],[114.8932,36.1196],[114.9307,36.0566],[115.0338,36.1009],[115.1061,36.1846],[115.2452,36.1614],[115.3497,36.0822],[115.4603,36.1579]],[[119.231,41.2734],[119.3616,41.375],[119.3897,41.4726],[119.3156,41.6578],[119.2986,41.7773],[119.3308,41.8675],[119.3217,41.9654],[119.3659,42.1005],[119.2453,42.1919],[119.3357,42.2894],[119.5628,42.3718],[119.6294,42.2505],[119.8215,42.2086],[119.8082,42.1202],[119.8919,41.9995],[119.9602,41.9718],[120.0303,41.8606],[120.0264,41.7338],[120.1076,41.7065],[120.1408,41.7893],[120.3402,41.9658],[120.4688,42.038],[120.5092,42.1487],[120.6279,42.1604],[120.7351,42.2279],[120.9126,42.2966],[121.0342,42.2601],[121.3689,42.5],[121.5444,42.5352],[121.6461,42.4536],[121.7237,42.4577],[121.8778,42.5396],[121.9183,42.6466],[122.045,42.7209],[122.2994,42.6365],[122.3996,42.6583],[122.4257,42.722],[122.3669,42.7991],[122.4764,42.8496],[122.7279,42.741],[122.8928,42.7449],[123.1313,42.8264],[123.1819,42.9441],[123.3544,43.0123],[123.612,43.0814],[123.6963,43.3535],[123.7487,43.4723],[123.8065,43.4542],[124.0064,43.3101],[124.2819,43.226],[124.2958,43.1566],[124.4189,43.0819],[124.3759,42.9856],[124.5196,42.8717],[124.6732,42.999],[124.7657,43.1056],[124.8884,43.0867],[124.8603,42.8877],[124.9421,42.8037],[125.0189,42.6469],[125.0958,42.5767],[125.102,42.4939],[125.2087,42.4058],[125.1794,42.3333],[125.2695,42.309],[125.284,42.2345],[125.4805,42.1514],[125.4582,42.1054],[125.2954,41.9572],[125.2863,41.8259],[125.3282,41.7474],[125.3063,41.6804],[125.4495,41.6799],[125.4699,41.5746],[125.6508,41.2863],[125.7377,41.2452],[125.7664,41.1395],[125.6917,41.0041],[125.5764,40.9126],[125.7085,40.8529]],[[123.6963,43.3535],[123.6059,43.3651],[123.3781,43.4532],[123.3614,43.5398],[123.49,43.5914],[123.5222,43.697],[123.3223,44.0419],[123.3591,44.1513],[123.2576,44.2041],[123.1682,44.3668],[123.1165,44.4065],[123.1238,44.4944],[123.0445,44.5133],[122.9553,44.4468],[122.7154,44.3356],[122.3766,44.22],[122.2541,44.2459],[122.2819,44.4287],[122.0882,44.6197],[122.046,44.6949],[122.0226,44.8467],[122.0381,44.9344],[122.0108,45.1183],[122.1918,45.201],[122.234,45.2871],[122.1365,45.4491],[122.0271,45.4845],[121.9639,45.5675],[121.9344,45.69],[121.7849,45.676],[121.6664,45.7158],[121.8148,45.9137],[121.7737,46.0103],[121.996,45.9803],[122.2398,45.8135],[122.3986,45.9492],[122.4979,45.8254],[122.647,45.7251],[122.7734,45.7885],[122.8006,45.9131],[122.7987,46.0893],[123.0689,46.1087],[123.1617,46.2201],[123.2583,46.2651],[123.3561,46.2352],[123.9194,46.2723],[124.0341,46.0185],[123.9794,45.9781],[124.062,45.8717],[124.0178,45.7817],[124.141,45.6322],[124.2236,45.6355],[124.3323,45.5473],[124.3956,45.4515],[124.5631,45.4153],[124.6119,45.4479],[124.8725,45.4486],[125.0277,45.4984],[125.1035,45.3953],[125.3074,45.417],[125.4325,45.4772],[125.5212,45.471],[125.6987,45.5109],[125.7049,45.3597],[125.8407,45.2348],[126.1505,45.1412],[126.421,45.2285],[126.5593,45.2467],[126.789,45.1493],[126.9527,45.1342],[127.0766,44.934],[126.9783,44.8261],[127.0323,44.7306],[127.045,44.5982],[127.1473,44.6547],[127.2331,44.616],[127.3752,44.6488],[127.5593,44.5738],[127.4928,44.4109],[127.6176,44.2722],[127.6098,44.2201],[127.7147,44.1615],[127.7444,44.0856],[127.8496,44.0559],[128.0521,44.1258],[128.043,44.3407],[128.1553,44.353],[128.2069,44.4405],[128.3587,44.5017],[128.4188,44.4501],[128.4507,44.3155],[128.4459,44.1539],[128.5288,44.0801],[128.6315,43.9122],[128.7474,43.8022],[128.7645,43.7091],[128.8829,43.5562],[129.0149,43.5397],[129.2289,43.6084],[129.2157,43.7383],[129.2492,43.7862],[129.5349,43.8703],[129.7524,43.8742],[129.8021,43.9655],[129.9129,44.0216],[130.0001,43.9836],[130.0332,43.8556],[130.1036,43.8454],[130.2802,43.9644],[130.3328,43.9278],[130.4141,43.6692],[130.5887,43.6277],[130.9166,43.4505],[130.9946,43.5077],[131.1495,43.4361],[131.2451,43.4667]],[[120.9093,31.0117],[120.9692,31.0095],[120.981,30.832],[121.1044,30.8343],[121.2561,30.7441],[121.2776,30.6851]],[[123.1617,46.2201],[122.9889,46.4066],[123.0197,46.6123],[123.0942,46.622],[123.2915,46.5864],[123.3973,46.5978],[123.5361,46.692],[123.6087,46.7746],[123.4894,46.8173],[123.38,46.8981],[123.3305,46.8326],[123.1868,46.7616],[122.9962,46.8403],[122.7973,47.0337],[122.574,47.1311],[122.4052,47.3317],[122.4947,47.4102],[122.5654,47.5312],[123.2068,47.8138],[123.2933,47.9457],[123.5776,48.0543],[123.7269,48.1911],[124.0779,48.4483],[124.234,48.5308],[124.3008,48.4919],[124.3272,48.3322],[124.4256,48.1744],[124.5205,48.1287],[124.5622,48.2362],[124.5207,48.369],[124.5381,48.5717],[124.6162,48.6676],[124.6218,48.742],[124.8216,49.0609],[124.8639,49.1754],[125.1581,49.1511],[125.2229,49.22],[125.2674,49.4385],[125.2357,49.5544],[125.1306,49.6366],[125.2196,49.6681],[125.2348,49.848],[125.1885,49.9419],[125.2952,50.0145],[125.2644,50.1057],[125.4184,50.1946],[125.5308,50.393],[125.8094,50.5622],[125.824,50.7668],[126.001,50.9018],[126.0563,50.9803],[125.9844,51.1042],[125.8707,51.1448],[125.8434,51.2062],[125.7195,51.2537],[125.5769,51.3893],[125.4866,51.5074],[125.3333,51.5827],[125.1275,51.6157],[125.0606,51.5344],[124.8206,51.3659],[124.6662,51.3353],[124.5019,51.3606],[124.3508,51.2786],[124.1621,51.3284],[124.0044,51.3017],[123.8663,51.3134],[123.7888,51.2328],[123.5696,51.2039],[123.4383,51.2731],[123.2717,51.2667],[123.0881,51.3125],[122.9562,51.3861],[122.8389,51.5106],[122.8355,51.5678],[122.7145,51.7017],[122.7542,51.8475],[122.6377,52.095],[122.7751,52.2],[122.7307,52.2489],[122.4918,52.2948],[122.3386,52.4537],[122.1737,52.4796],[122.0179,52.2831],[121.8313,52.2694],[121.6923,52.3885],[121.4909,52.4447],[121.1739,52.595],[121.5027,52.7747],[121.6915,52.9083],[121.8002,53.0236],[121.6072,53.2407],[121.4054,53.3171]]]}},{"type":"Feature","properties":{"cc":"ID","name":"Indonesia"},"geometry":{"type":"MultiLineString","coordinates":[[[98.2648,4.2882],[98.1884,4.2948],[98.0627,4.2403],[98.001,3.9801],[97.8902,3.9152],[97.8933,3.8482],[97.7839,3.7448],[97.8438,3.5799],[97.9142,3.4838],[97.9068,3.433],[97.9896,3.3304],[97.864,3.2574],[97.9364,3.1406],[97.8956,3.0826],[97.9228,2.9093],[98.057,2.8121],[98.0694,2.677],[98.0253,2.5761],[98.0626,2.4443],[98.1276,2.327],[98.0865,2.1951]],[[116.5568,-2.3587],[116.3905,-2.3144],[116.0427,-2.2882],[115.9945,-2.271],[115.874,-2.3507],[115.8141,-2.1836],[115.8288,-2.0472],[115.7489,-2.0007],[115.7412,-1.7842],[115.6069,-1.4667],[115.6775,-1.4259],[115.7202,-1.4263],[115.802,-1.2944],[115.8051,-1.0853],[115.7397,-1.1038],[115.6287,-0.978],[115.5178,-0.9378],[115.46,-0.886],[115.4152,-0.7739],[115.3813,-0.582],[115.3299,-0.511],[115.2742,-0.311],[115.2772,-0.2201],[115.3474,0.0023],[115.2754,0.0314],[115.1874,0.0052],[115.0858,-0.1175],[115.0026,-0.1777],[114.9673,-0.0975],[115.0177,0.0577],[114.9531,0.2842],[114.9679,0.3642],[115.076,0.533],[115.0572,0.6369],[114.9765,0.7352],[114.7354,0.6726],[114.6631,0.6213],[114.3775,0.5886],[114.1839,0.6505],[114.0363,0.647],[113.9699,0.6036],[113.7764,0.5586],[113.9177,0.7364],[113.9481,0.8622],[113.8626,0.9023],[113.8645,0.9764],[114.1921,1.2144],[114.2106,1.4629]],[[115.6775,-1.4259],[115.68,-1.3609],[115.4266,-1.4345],[115.4043,-1.4744],[115.3383,-1.7654],[115.3584,-1.9039],[115.308,-1.9919],[115.3301,-2.0371],[115.1309,-2.2076],[114.9048,-2.2625],[114.879,-2.3263],[114.9081,-2.4187],[114.8222,-2.562],[114.7854,-2.6888],[114.675,-2.7594],[114.6312,-2.8223],[114.5045,-2.881],[114.3159,-3.4199]],[[113.7764,0.5586],[113.6467,0.4101],[113.6229,0.3109],[113.5316,0.2614],[113.416,0.2752],[113.3245,0.2452],[113.4532,0.0659],[113.4785,-0.0475],[113.4293,-0.1904],[113.3262,-0.2517],[113.2492,-0.3611],[113.3008,-0.4228],[113.2564,-0.5514],[113.1611,-0.4699],[113.084,-0.5185],[113.0042,-0.5187],[112.578,-0.7045],[112.4973,-0.7021],[112.38,-0.7546],[112.1185,-0.7354],[112.0587,-0.7958],[111.9686,-0.8228],[111.6514,-1.0155],[111.5874,-1.102],[111.5774,-1.1867],[111.4161,-1.2688],[111.3271,-1.3733],[111.2421,-1.4206],[111.134,-1.5304],[111.0116,-1.5261],[110.9203,-1.6132],[111.0174,-1.6603],[111.0252,-1.867],[110.9948,-1.9853],[111.0123,-2.1274],[111.1377,-2.4048],[111.1376,-2.733],[111.0671,-2.7647],[110.8992,-2.9088]],[[108.8994,-6.8084],[108.8007,-6.9348],[108.789,-7.0613],[108.6955,-7.1398],[108.5954,-7.1421],[108.5469,-7.2788],[108.7047,-7.391],[108.7416,-7.5365],[108.7336,-7.6046],[108.799,-7.6675]],[[106.4011,-7.0072],[106.4508,-6.8362],[106.5061,-6.7835],[106.4266,-6.6968],[106.4053,-6.5241],[106.4337,-6.439],[106.4208,-6.3704],[106.5603,-6.3552],[106.6309,-6.3844],[106.7391,-6.3865],[106.7629,-6.3014],[106.9239,-6.3815],[106.985,-6.2354],[106.9888,-6.027]],[[106.7629,-6.3014],[106.702,-6.2101],[106.6841,-6.1019],[106.7298,-6.06]],[[110.843,-8.2041],[110.7987,-8.1217],[110.7866,-7.8736],[110.7533,-7.8326],[110.5787,-7.821],[110.5066,-7.7831],[110.4413,-7.5689],[110.3013,-7.6691],[110.1365,-7.6768],[110.1167,-7.7616],[110.0387,-7.8905]],[[111.6761,-6.7301],[111.6293,-6.8001],[111.5985,-6.9608],[111.6083,-7.154],[111.4598,-7.2738],[111.4443,-7.3112],[111.2203,-7.2514],[111.1974,-7.3086],[111.185,-7.5291],[111.2175,-7.6133],[111.1906,-7.7074],[111.2646,-7.7317],[111.3079,-7.8378],[111.228,-7.9381],[111.0992,-8.0085],[110.9652,-8.1169],[110.9453,-8.2212]],[[101.0359,-2.4727],[101.171,-2.3671],[101.3356,-2.297],[101.4358,-2.2362],[101.5171,-2.3052],[101.5642,-2.4502],[101.7367,-2.6363],[101.9004,-2.7401],[101.9626,-2.735],[102.0668,-2.7824],[102.2238,-2.9543],[102.2411,-3.0588],[102.4308,-3.0879],[102.4893,-3.1512],[102.4617,-3.2504],[102.5626,-3.3441],[102.6313,-3.373],[102.766,-3.279],[102.8702,-3.3759],[102.9749,-3.3956],[103.0173,-3.4854],[102.9931,-3.5841],[102.8972,-3.6308],[102.7018,-3.7911],[102.6299,-3.8137],[102.7685,-3.9614],[102.8452,-4.0005],[102.9084,-3.9911],[102.981,-4.0354],[103.1074,-4.0199],[103.1416,-4.0468],[103.1859,-4.2425],[103.6158,-4.418],[103.6218,-4.5053],[103.6939,-4.6393],[103.7225,-4.7575],[103.7653,-4.8047],[103.5925,-4.9273]],[[101.3356,-2.297],[101.2597,-2.0815],[101.1423,-1.92],[101.1139,-1.7049],[101.226,-1.7284],[101.4757,-1.7021],[101.5194,-1.6398],[101.6753,-1.4999],[101.6781,-1.289],[101.7945,-1.2389],[101.841,-1.1662],[101.7827,-1.1318],[101.7698,-1.0382],[101.8818,-1.0],[101.9351,-0.9273],[102.0126,-0.8804],[102.1889,-0.8557],[102.2606,-0.8804],[102.3562,-1.01],[102.4518,-1.0682],[102.5412,-1.0849],[102.6822,-0.9045],[102.8044,-0.793],[102.9173,-0.7634],[103.1001,-0.7722],[103.5246,-0.7393]],[[102.0668,-2.7824],[102.2331,-2.6844],[102.2602,-2.6395],[102.3978,-2.7099],[102.4869,-2.7299],[102.5964,-2.7098],[102.6187,-2.6715],[102.7917,-2.5679],[102.8636,-2.4618],[102.862,-2.3539],[103.1229,-2.398],[103.2045,-2.3613],[103.1702,-2.2861],[103.2156,-2.186],[103.2719,-2.2091],[103.3036,-2.2846],[103.419,-2.3938],[103.4632,-2.3515],[103.4599,-2.2383],[103.5237,-2.2245],[103.535,-1.9679],[103.8864,-1.7948],[103.9579,-1.7906],[104.1256,-1.8306],[104.3215,-1.8043],[104.3759,-1.7138],[104.4283,-1.6939],[104.5179,-1.7287]],[[103.7653,-4.8047],[103.8547,-4.8542],[103.8895,-4.9336],[104.0811,-4.9467],[104.2104,-4.8932],[104.2979,-4.8925],[104.3365,-4.8143],[104.2649,-4.7078],[104.3088,-4.6278],[104.2927,-4.4947],[104.3091,-4.4402],[104.3972,-4.4051],[104.5272,-4.32],[104.6743,-4.2968],[104.8396,-4.2207],[105.0089,-4.1692],[105.1115,-4.06],[105.129,-3.9563],[105.2661,-3.8861],[105.3099,-3.7556],[105.5132,-3.8684],[105.7092,-4.15],[105.8314,-4.1629]],[[119.4675,-3.513],[119.4529,-3.2809],[119.4119,-3.2147],[119.6392,-3.1209],[119.5432,-2.9069],[119.5604,-2.7465],[119.6613,-2.7582],[119.7856,-2.695],[119.739,-2.5653],[119.7071,-2.3539],[119.6236,-2.2936],[119.6463,-2.1764],[119.7535,-2.0818],[119.825,-2.0462],[119.8735,-1.9554],[120.0481,-1.8615],[120.1568,-1.8604],[120.2924,-1.9002],[120.4476,-1.8662],[120.5532,-2.025],[120.625,-2.1042],[120.8042,-2.2386],[121.3498,-2.3485],[121.4489,-2.3885],[121.638,-2.5579],[121.742,-2.6101],[121.7874,-2.6701],[121.7725,-2.8009],[121.598,-2.9728],[121.4753,-3.0198],[121.2776,-2.8789],[121.1635,-2.8735],[121.0678,-2.9176]],[[119.8735,-1.9554],[119.8227,-1.8718],[119.8464,-1.7917],[119.8224,-1.729],[119.7247,-1.6125],[119.6925,-1.4613],[119.6417,-1.3937],[119.4945,-1.3293],[119.5265,-1.2236],[119.6018,-1.1507],[119.5721,-1.052],[119.5663,-0.8353]],[[121.598,-2.9728],[121.7814,-2.9855],[122.058,-3.0926],[122.2072,-3.1115],[122.3489,-3.2464]],[[123.0747,0.9413],[123.2052,0.8368],[123.247,0.7329],[123.3254,0.6642],[123.4394,0.611],[123.481,0.5569],[123.4998,0.4298],[123.457,0.3059]],[[121.3334,0.4829],[121.3338,0.5756],[121.2567,0.5867],[121.1604,0.6861],[121.2354,0.7246],[121.3032,0.8261],[121.3785,0.861],[121.508,0.8469],[121.8404,0.9704],[121.9931,0.9353],[122.0457,0.9438],[122.1972,1.0276]],[[101.7698,-1.0382],[101.6738,-0.9675],[101.5253,-0.9319],[101.4337,-0.8471],[101.3308,-0.7872],[101.236,-0.7026],[101.0403,-0.4745],[101.0001,-0.4013],[100.8558,-0.3223],[100.79,-0.2057],[100.749,-0.064],[100.8456,-0.0303],[100.8472,0.186],[100.5098,0.4439],[100.3687,0.4113],[100.2654,0.4505],[100.163,0.6484],[100.2068,0.7107],[100.1734,0.7576],[100.2099,0.8664],[100.2096,1.0535],[100.2254,1.146],[100.1477,1.2247],[100.1303,1.3],[100.071,1.3587],[100.1048,1.4152],[100.3503,1.5248],[100.4409,1.5987],[100.4353,1.6666],[100.3756,1.8145],[100.3036,1.8812],[100.3191,2.0457],[100.3126,2.1773],[100.2787,2.3545],[100.2996,2.4742]],[[134.6793,-2.8355],[134.4454,-3.0239],[134.4507,-3.0779],[134.3321,-3.1899],[134.2546,-3.3077],[134.2583,-3.3995],[135.2651,-3.76],[134.8693,-4.2619]],[[100.1734,0.7576],[99.8264,0.8682],[99.7105,0.8489],[99.7942,0.7801],[99.8181,0.7087],[99.9147,0.5686],[99.9082,0.5036],[99.8141,0.4682],[99.6854,0.5007],[99.5845,0.5628],[99.3423,0.4736],[99.1993,0.3081]]]}},{"type":"Feature","properties":{"cc":"IN","name":"India"},"geometry":{"type":"MultiLineString","coordinates":[[[88.7562,27.1488],[88.6645,27.1734],[88.518,27.1762],[88.4477,27.1145],[88.3574,27.0851],[88.2331,27.1371],[88.1182,27.1385],[88.0009,27.248]],[[77.4465,15.953],[77.4837,16.0021],[77.4908,16.2616],[77.5332,16.361],[77.2937,16.4065],[77.2574,16.4494],[77.3709,16.5243],[77.432,16.5936],[77.4109,16.7206],[77.4334,16.9348],[77.4652,17.0426],[77.3744,17.2226],[77.5993,17.4869],[77.5826,17.5788],[77.4929,17.5776],[77.4115,17.6308],[77.4636,17.7134],[77.5254,17.7463],[77.5003,17.8123],[77.6198,17.9257],[77.6213,17.9868],[77.5629,18.0708],[77.5999,18.1148],[77.5512,18.3079],[77.5026,18.3816],[77.5923,18.5481],[77.6799,18.57],[77.7034,18.6691],[77.7811,18.7038],[77.8393,18.8096],[77.9121,18.8354],[77.752,19.0459],[77.8336,19.1214],[77.855,19.2284],[77.92,19.3317],[77.9924,19.3227],[78.0639,19.2641],[78.1679,19.2641],[78.1744,19.3747],[78.2401,19.4602],[78.3026,19.4828],[78.3334,19.6433],[78.3836,19.6845],[78.3218,19.8633],[78.3833,19.8662],[78.4777,19.7991],[78.5337,19.8247],[78.7117,19.7743],[78.78,19.7767],[78.8475,19.7245],[78.8725,19.6501],[79.0243,19.5415],[79.0589,19.5471],[79.1977,19.4619],[79.266,19.5896],[79.4204,19.5364],[79.5389,19.5338],[79.7354,19.6034],[79.7958,19.5941],[79.8649,19.509],[79.9311,19.4825],[79.9655,19.4019],[79.9306,19.2119],[79.9438,19.1692],[79.8618,19.0811],[79.9335,19.0531],[79.9603,18.8671],[80.0019,18.7856],[80.0905,18.6975],[80.2704,18.7137],[80.3199,18.6422],[80.4091,18.5889],[80.5026,18.5999],[80.5834,18.5414],[80.6962,18.4123],[80.7723,18.2327],[80.8524,18.1964],[80.9375,18.0863],[80.979,17.9639],[80.9856,17.8405],[81.0449,17.7761],[81.1477,17.8366],[81.2452,17.8037],[81.5784,17.7969],[81.759,17.9089],[81.7758,17.8332],[81.6286,17.7634],[81.5352,17.6377],[81.4695,17.4205],[81.4083,17.3706],[81.2143,17.3236],[81.1442,17.2495],[80.9905,17.2182],[80.8931,17.1556],[80.8295,17.046],[80.6697,17.0799],[80.5909,17.1398],[80.5018,17.108],[80.3843,16.976],[80.4743,16.9366],[80.5862,16.9339],[80.5061,16.7925],[80.351,16.8621],[80.2806,16.9974],[80.2205,17.0333],[80.0776,16.9726],[80.0024,16.871],[80.0733,16.8229],[80.043,16.7386],[79.9581,16.6304],[79.8823,16.7032],[79.752,16.7237],[79.7209,16.689],[79.5043,16.6419],[79.4063,16.5872],[79.2656,16.5696],[79.2135,16.4932],[79.2334,16.3305],[79.2148,16.2445],[79.1606,16.2193],[79.0217,16.2471],[78.8391,16.1248],[78.8394,16.0667],[78.7341,16.0303],[78.4998,16.0938],[78.4,16.0834],[78.256,16.0057],[78.2353,15.9505],[78.0875,15.833],[77.888,15.9191],[77.8499,15.8939],[77.6412,15.9007],[77.4465,15.953],[77.2264,15.9764],[77.1437,15.9607],[77.0341,15.8737],[77.0253,15.7813],[77.0849,15.6673],[76.9997,15.6138],[77.0259,15.3515],[77.1049,15.3082],[77.1281,15.1323],[77.0804,15.0367],[76.948,15.0216],[76.7643,15.0941],[76.7195,14.9897],[76.8222,14.921],[76.7997,14.7948],[76.7619,14.7637],[76.7529,14.5656],[76.83,14.4787],[76.9316,14.4576],[76.8624,14.3472],[76.9082,14.2579],[77.0455,14.2317],[77.1113,14.3296],[77.2568,14.334],[77.2782,14.2956],[77.3844,14.262],[77.461,14.2901],[77.4678,14.1924],[77.3685,14.1634],[77.3279,14.0522],[77.388,13.9629],[77.3324,13.9082],[77.2893,14.0107],[77.1123,14.0051],[76.9953,14.0664],[76.9736,14.1561],[76.873,14.1374],[76.9426,14.0611],[76.9359,14.0109],[77.0104,13.905],[76.9585,13.7816],[77.0323,13.7462],[77.1332,13.7848],[77.1026,13.8497],[77.1522,13.9036],[77.2921,13.8484],[77.384,13.8467],[77.4425,13.702],[77.4995,13.7045],[77.5932,13.7671],[77.7349,13.8242],[77.8788,13.9166],[77.9206,13.8305],[78.0327,13.8847],[78.0968,13.809],[78.0682,13.6987],[78.1841,13.6015],[78.3747,13.5796],[78.3502,13.3761],[78.3809,13.3228],[78.5684,13.2748],[78.5165,13.0891],[78.4158,12.9482],[78.2859,12.8434],[78.2296,12.7599],[78.3528,12.6415],[78.4191,12.6326],[78.5826,12.7782],[78.6447,12.992],[78.7362,13.061],[78.9442,13.0934],[79.0776,13.0356],[79.1616,13.0449],[79.2508,13.1478],[79.3149,13.132],[79.4202,13.22],[79.4495,13.3311],[79.5442,13.3235],[79.5717,13.2841],[79.6679,13.2913],[79.6968,13.2358],[79.7849,13.224],[79.8163,13.2949],[79.9567,13.3658],[79.962,13.4165],[80.0976,13.4638],[80.2312,13.4676]],[[77.5512,18.3079],[77.4615,18.2819],[77.3466,18.3515],[77.3019,18.4603],[77.2327,18.4107],[77.2311,18.3338],[77.1179,18.2538],[77.0877,18.1971],[76.9495,18.18],[76.8929,18.1443],[76.8851,17.9745],[76.8391,17.8842],[76.7409,17.8984],[76.7557,17.8258],[76.676,17.7069],[76.5927,17.7706],[76.513,17.7728],[76.3906,17.6368],[76.3222,17.6177],[76.3438,17.3519],[76.2104,17.3889],[76.0947,17.3778],[75.9365,17.3259],[75.87,17.4161],[75.7839,17.3748],[75.6131,17.4716],[75.5528,17.3659],[75.6221,17.2209],[75.6051,17.1581],[75.6468,17.0914],[75.6167,16.9747],[75.5538,17.0149],[75.4534,16.9641],[75.3708,16.9845],[75.256,16.9592],[75.2426,16.9021],[75.1665,16.8679],[75.0434,16.9528],[74.96,16.9511],[74.9223,16.8893],[74.8446,16.852],[74.8667,16.7762],[74.6849,16.7084],[74.6658,16.6062],[74.5574,16.5517],[74.5246,16.6238],[74.43,16.6443],[74.3532,16.5435],[74.2924,16.5284],[74.3662,16.2929],[74.4519,16.2539],[74.4696,16.1098],[74.416,16.0964],[74.4288,15.9938],[74.3545,15.8726],[74.3311,15.7619],[74.2235,15.7261],[74.1861,15.7657],[74.1006,15.6403],[74.2268,15.6298],[74.2578,15.5186],[74.2365,15.4725],[74.3042,15.2892],[74.2412,15.2378],[74.2928,15.1883],[74.2597,15.0977],[74.2412,14.956],[74.097,14.8903]],[[80.2704,18.7137],[80.2748,18.7769],[80.3442,18.8507],[80.2718,18.9794],[80.3666,19.1174],[80.3971,19.2342],[80.576,19.392],[80.6174,19.3186],[80.7167,19.2627],[80.8322,19.3454],[80.8939,19.4844],[80.831,19.5471],[80.7129,19.5926],[80.6757,19.6766],[80.5656,19.7398],[80.5378,19.8109],[80.4251,19.8928],[80.5311,19.9207],[80.5572,20.0483],[80.5306,20.1349],[80.4263,20.1462],[80.4244,20.2341],[80.6224,20.3259],[80.6224,20.6009],[80.503,20.6333],[80.573,20.6976],[80.5521,20.9193],[80.4813,20.932],[80.4353,20.9992],[80.4845,21.1677],[80.6256,21.2427],[80.7214,21.4732],[80.7305,21.7143],[80.8051,21.7743],[80.8379,21.8461],[80.8351,21.951],[80.919,22.0975],[80.9873,22.108],[81.0235,22.194],[81.1189,22.2946],[81.1225,22.4005],[81.178,22.4784],[81.2349,22.4445],[81.3726,22.4927],[81.4178,22.4375],[81.5396,22.52],[81.6423,22.5508],[81.6696,22.6093],[81.7664,22.664],[81.7885,22.8529],[81.9402,22.9458],[81.9461,23.043],[82.0708,23.1003],[82.1294,23.0965],[82.1897,23.2887],[82.0982,23.3717],[81.9914,23.4005],[81.9072,23.5052],[81.7446,23.5426],[81.6441,23.4821],[81.5914,23.5612],[81.6862,23.6903],[81.622,23.8338],[81.6819,23.8851],[81.7782,23.8019],[81.9369,23.8407],[82.0774,23.8014],[82.5317,23.7754],[82.6508,23.8448],[82.6577,23.8845],[82.7681,23.929],[82.8009,23.9987],[82.9644,23.9139],[83.0888,23.911],[83.2063,23.944],[83.3371,24.1402],[83.454,24.3616],[83.4017,24.4983],[83.5231,24.5297],[83.531,24.7036],[83.5088,24.7621],[83.3602,24.8633],[83.3599,25.009],[83.3233,25.068],[83.3343,25.1726],[83.3841,25.2359],[83.7749,25.445],[83.9043,25.5295],[84.1434,25.7362],[84.2129,25.728],[84.2389,25.648],[84.3242,25.6589],[84.3147,25.7421],[84.3728,25.7651],[84.4867,25.7007],[84.6007,25.747],[84.6055,25.7998],[84.5316,25.8621],[84.4197,25.8896],[84.3743,25.9403],[84.2615,25.9313],[84.1503,26.066],[84.0649,26.1035],[83.9927,26.2411],[84.1872,26.2928],[84.1776,26.4043],[84.0261,26.4692],[83.9551,26.4539],[83.9201,26.5327],[84.054,26.5648],[84.0992,26.6496],[84.383,26.6417],[84.3063,26.7444],[84.2464,26.757],[84.2408,26.8742],[84.149,26.8763],[84.0706,26.9236],[84.0234,27.06],[83.9383,27.1644],[83.9424,27.2225],[83.8288,27.3778]],[[81.394,17.8067],[81.4442,17.8797],[81.5425,18.2625],[81.6438,18.2924],[81.7406,18.3579],[81.7924,18.4384],[81.9133,18.5449],[81.9037,18.6219],[81.969,18.6857],[82.1389,18.7473],[82.1691,18.8787],[82.2245,18.9219],[82.225,19.0152],[82.1454,19.2442],[82.1687,19.3866],[82.029,19.5179],[82.0291,19.7765],[81.8242,19.9133],[81.8678,20.0467],[81.9396,20.1047],[82.0461,20.0179],[82.0962,20.0506],[82.2284,19.9587],[82.2903,19.8361],[82.3814,19.8859],[82.6823,19.8227],[82.695,20.0005],[82.6112,19.9881],[82.4156,20.067],[82.4337,20.159],[82.4219,20.428],[82.3402,20.5563],[82.3667,20.6571],[82.342,20.8608],[82.4535,20.8469],[82.5621,20.9545],[82.6682,21.1555],[82.9646,21.1785],[83.0782,21.1146],[83.1983,21.1726],[83.2794,21.3588],[83.361,21.3368],[83.3812,21.3995],[83.3277,21.4992],[83.3519,21.5773],[83.444,21.7186],[83.4732,21.8072],[83.5571,21.8349],[83.5706,21.9231],[83.5153,21.9639],[83.5463,22.1016],[83.6054,22.196],[83.7331,22.2623],[83.8414,22.3486],[83.9458,22.3712],[83.9965,22.4405],[83.9702,22.5393],[84.067,22.4996],[84.1478,22.3868],[84.311,22.324],[84.4208,22.331],[84.5301,22.423],[84.7337,22.4273],[84.8008,22.4502],[84.9083,22.422],[85.0655,22.5032],[85.1004,22.394],[85.0878,22.2802],[84.9852,22.1128],[85.1092,22.1085],[85.232,22.0353],[85.3241,22.1267],[85.4252,22.1645],[85.5507,22.1076],[85.6791,22.0759],[85.7922,22.1291],[85.7847,22.0119],[85.8343,21.9861],[85.9162,22.0221],[85.9741,22.1046],[85.9646,22.2449],[85.9865,22.3936],[85.9388,22.5005],[86.0398,22.5567],[86.1025,22.5001],[86.268,22.4224],[86.366,22.3301],[86.4866,22.3369],[86.8339,22.1218],[86.9874,22.0666],[86.9937,21.9725],[87.0592,21.9072],[87.113,21.9714],[87.1907,21.9562],[87.2315,21.8481],[87.275,21.814],[87.4085,21.7861],[87.4786,21.6081]],[[81.759,17.9089],[81.9236,18.0002],[82.0424,18.0433],[82.1319,18.0388],[82.2401,17.9929],[82.3299,18.044],[82.3528,18.1553],[82.3095,18.1948],[82.3608,18.2916],[82.3682,18.414],[82.4491,18.5221],[82.5027,18.5106],[82.5113,18.4222],[82.5974,18.3252],[82.5867,18.2444],[82.7814,18.3578],[82.7797,18.4167],[82.8784,18.4091],[82.9041,18.3553],[83.0392,18.3904],[83.0365,18.4695],[83.0835,18.5253],[83.0281,18.6409],[83.1265,18.7582],[83.2017,18.7416],[83.3942,18.8694],[83.3268,18.9297],[83.3414,19.0046],[83.4237,18.9643],[83.4901,19.0516],[83.5726,19.0699],[83.6128,19.1298],[83.7064,19.0014],[83.8018,19.0],[83.8542,18.86],[83.9024,18.8056],[84.0714,18.8179],[84.1531,18.7877],[84.3178,18.8092],[84.4626,18.9463],[84.5252,19.033],[84.6415,19.1005],[84.6945,19.1606],[84.7696,19.1205]],[[78.3903,32.5273],[78.2704,32.5042],[78.3041,32.5962],[78.3747,32.6488],[78.3666,32.7652],[78.2539,32.6979],[78.1146,32.6677],[78.0089,32.6103],[77.9385,32.6953],[77.9289,32.7624],[77.8579,32.873],[77.7211,33.0126],[77.539,32.9184],[77.3487,32.8672],[77.1358,32.9267],[76.9561,33.0251],[76.7398,33.1974],[76.6466,33.3521],[76.488,33.5022],[76.2461,33.5741],[76.2358,33.7288],[76.1664,33.8732],[76.0244,33.9821],[75.8796,33.9637],[75.7417,34.0664],[75.6634,34.1992],[75.5846,34.2101],[75.4695,34.2801],[75.3745,34.371],[75.3475,34.5727]],[[76.7398,33.1974],[76.6259,33.1893],[76.5586,33.2315],[76.3967,33.1977],[76.2943,33.1479],[76.2159,33.0511],[76.1008,33.013],[75.9724,32.911],[75.8264,32.9381],[75.8049,32.8986],[75.9093,32.7727],[75.9226,32.6173],[75.8474,32.5167],[75.9117,32.4314],[75.6927,32.2723],[75.6229,32.2585],[75.6394,32.1468],[75.6016,32.0689],[75.7065,32.0498],[75.8797,31.9724],[75.9643,31.8488],[75.9233,31.8063],[76.0705,31.5642],[76.1585,31.3386],[76.2754,31.3104],[76.3736,31.4192],[76.4335,31.3178],[76.5611,31.2767],[76.6452,30.9993],[76.7682,30.9076],[76.9057,30.8993],[77.0015,30.7773],[77.1151,30.7221],[77.1503,30.664],[77.1478,30.5387],[77.3034,30.4603],[77.5851,30.3829],[77.813,30.5211],[77.7058,30.7915],[77.7891,30.9306],[77.806,31.0505],[77.9411,31.1729],[78.0397,31.1722],[78.2842,31.2903],[78.3687,31.29],[78.501,31.2196],[78.5817,31.2311],[78.7927,31.207],[78.8695,31.122],[78.9933,31.1634],[78.8694,31.315]],[[76.8146,30.7891],[76.8273,30.6807],[76.7756,30.6774],[76.7038,30.7814],[76.8146,30.7891],[76.8328,30.8423],[76.7682,30.9076]],[[76.8273,30.6807],[76.8866,30.6338],[76.9049,30.3841],[76.7529,30.4305],[76.7143,30.3371],[76.6056,30.2744],[76.6248,30.1428],[76.5314,30.084],[76.4296,30.1404],[76.2667,30.1137],[76.1781,29.9547],[76.2256,29.8691],[75.9569,29.7386],[75.8867,29.7492],[75.786,29.831],[75.7177,29.778],[75.6044,29.7647],[75.4458,29.8062],[75.3116,29.6562],[75.2953,29.5749],[75.2346,29.5618],[75.1721,29.6882],[75.2382,29.7488],[75.1879,29.8347],[75.1052,29.8214],[75.0728,29.8911],[74.9957,29.873],[74.9035,29.9548],[74.8234,29.985],[74.7107,29.9684],[74.6507,29.9141],[74.5165,29.9472],[74.547,29.8608],[74.4665,29.7989],[74.5063,29.7368],[74.6027,29.7264],[74.5748,29.5897],[74.6021,29.4704],[74.5371,29.4414],[74.6128,29.3328],[74.7586,29.3643],[74.8214,29.4029],[74.9072,29.3785],[74.9696,29.2843],[75.1066,29.2382],[75.2497,29.2564],[75.3284,29.2962],[75.3915,29.2527],[75.3929,29.106],[75.4521,29.0239],[75.515,28.9965],[75.486,28.9268],[75.5936,28.6427],[75.6986,28.5206],[75.8871,28.4038],[76.0262,28.2622],[76.0325,28.1878],[75.9619,28.1395],[75.9928,28.0507],[75.9315,27.9181],[75.9999,27.8427],[76.215,27.8415],[76.1801,27.9096],[76.1633,28.0579],[76.2667,28.0775],[76.368,28.1564],[76.4535,28.1628],[76.5531,27.9712],[76.658,28.017],[76.6468,28.0855],[76.8566,28.229],[76.9406,28.123],[76.9209,28.0335],[76.9406,27.8521],[76.9009,27.7344],[76.973,27.6793],[77.0408,27.8073],[77.2807,27.8094],[77.4245,27.8908],[77.4798,27.898],[77.5265,27.9745],[77.4681,28.0468],[77.5289,28.2535],[77.4665,28.3152],[77.497,28.3933],[77.3274,28.5197],[77.2697,28.5103],[77.1936,28.4326],[77.1005,28.4756],[77.0709,28.5286],[76.8727,28.5194],[76.8369,28.5872],[76.9473,28.6962],[76.9365,28.8147],[77.068,28.8821],[77.2008,28.8768],[77.2272,28.7836],[77.3069,28.7206],[77.3375,28.6262],[77.3274,28.5197]],[[77.2008,28.8768],[77.1957,28.9976],[77.1414,29.1303],[77.1307,29.2806],[77.1498,29.4034],[77.0647,29.5695],[77.0878,29.6585],[77.1804,29.8043],[77.2299,29.9766],[77.5701,30.2782],[77.5851,30.3829],[77.6615,30.3949],[77.7506,30.3256],[77.9289,30.2443],[77.835,30.1314],[77.7464,29.9773],[77.747,29.878],[77.7838,29.7418],[77.8315,29.6599],[77.9828,29.7188],[78.1072,29.6545],[78.1891,29.7067],[78.155,29.9254],[78.2283,29.9474],[78.3806,29.7616],[78.4787,29.722],[78.6431,29.5376],[78.9069,29.3884],[78.7215,29.284],[78.8677,29.2152],[78.9504,29.127],[79.0559,29.1518],[79.1706,29.0511],[79.2964,28.9716],[79.3712,28.9699],[79.4437,28.8496],[79.5262,28.8784],[79.6994,28.8504],[79.7433,28.8852],[79.841,28.8553],[79.8445,28.8049],[80.0006,28.7373],[80.0707,28.8302]],[[75.8474,32.5167],[75.743,32.4644],[75.6826,32.3998],[75.612,32.3955],[75.5024,32.3006],[75.3904,32.3355],[75.2934,32.326]],[[77.2807,27.8094],[77.3456,27.5419],[77.4598,27.3851],[77.6061,27.3236],[77.6573,27.2027],[77.5914,27.1307],[77.5134,27.1092],[77.6285,26.9732],[77.4608,26.9042],[77.5105,26.8333],[77.7046,26.9298],[77.9766,26.9044],[78.1069,26.9473],[78.2231,26.9371],[78.2001,26.8236],[78.1012,26.7951],[78.0794,26.6829],[78.0128,26.6956],[77.9028,26.664],[77.8315,26.5758],[77.7151,26.506],[77.6168,26.483],[77.4313,26.3737],[77.3234,26.352],[77.2097,26.242],[77.1247,26.2379],[77.0825,26.1853],[76.908,26.0986],[76.727,25.9163],[76.6518,25.9227],[76.546,25.8483],[76.4784,25.7198],[76.5514,25.4601],[76.6523,25.3792],[76.7802,25.332],[76.9135,25.3093],[77.0806,25.3532],[77.2016,25.3556],[77.2555,25.4335],[77.3586,25.4071],[77.363,25.2621],[77.3989,25.2122],[77.3413,25.114],[77.1874,25.1275],[76.9994,25.0877],[76.861,25.0338],[76.8832,24.897],[76.7806,24.8371],[76.8481,24.7597],[76.9668,24.7375],[77.0374,24.6703],[77.0352,24.5384],[76.9429,24.5002],[76.8805,24.5619],[76.8062,24.5558],[76.8146,24.3601],[76.8916,24.2409],[76.8703,24.1817],[76.7666,24.1603],[76.5725,24.2732],[76.5427,24.2152],[76.4561,24.265],[76.2303,24.2779],[76.1327,24.3294],[76.1166,24.134],[75.999,24.0511],[75.9979,23.9839],[75.8994,23.9183],[75.7765,23.8831],[75.6998,23.7932],[75.5971,23.8179],[75.5782,23.8757],[75.4903,23.9399],[75.5389,24.0414],[75.6218,23.9952],[75.73,24.0007],[75.805,24.1191],[75.7478,24.19],[75.7948,24.2516],[75.7344,24.424],[75.7922,24.4942],[75.8749,24.5143],[75.8694,24.5994],[75.7588,24.7774],[75.649,24.7383],[75.448,24.7031],[75.2037,24.725],[75.172,24.7625],[75.3179,24.9552],[75.2351,25.0402],[75.1333,25.04],[75.0844,24.8889],[74.9814,24.863],[74.8759,24.9194],[74.8153,24.9165],[74.8378,24.7971],[74.9743,24.7857],[74.9654,24.694],[74.8697,24.6656],[74.8065,24.7358],[74.7119,24.5239],[74.8468,24.4355],[74.7664,24.3587],[74.7593,24.2567],[74.87,24.2361],[74.8931,24.1345],[74.9682,24.0328],[74.9083,23.8967],[74.9066,23.7913],[74.939,23.6874],[74.823,23.5001],[74.6482,23.4306],[74.5695,23.3679],[74.5364,23.2509],[74.6584,23.2265],[74.7159,23.1792],[74.6119,23.1127],[74.4761,23.0624],[74.3235,23.0361],[74.2333,23.1559],[74.109,23.1911],[74.1058,23.2477],[73.9595,23.3588],[73.9045,23.3334],[73.8119,23.4346],[73.7107,23.415],[73.6188,23.4519],[73.6206,23.5826],[73.5108,23.6845],[73.3617,23.7842],[73.364,23.8891],[73.4239,23.9409],[73.3541,24.1047],[73.2456,24.0155],[73.0793,24.2043],[73.1372,24.3359],[73.095,24.5036],[72.9997,24.4933],[72.9587,24.3901],[72.8974,24.3606],[72.747,24.3807],[72.6676,24.4609],[72.5557,24.5067],[72.5009,24.4961],[72.2752,24.5684],[72.2617,24.6082],[72.0994,24.6566],[72.0509,24.7084],[71.9479,24.6626],[71.7509,24.6781],[71.6519,24.658],[71.5458,24.6881],[71.3784,24.6467],[71.2515,24.6368],[71.0479,24.6877]],[[74.5165,29.9472],[73.9159,29.9799],[73.8985,30.0349],[73.9697,30.1374],[73.9334,30.2221]],[[78.2296,12.7599],[78.0562,12.8459],[78.0021,12.8072],[77.895,12.8728],[77.8013,12.8566],[77.7653,12.7187],[77.6094,12.6728],[77.5687,12.5596],[77.6189,12.4666],[77.5608,12.3397],[77.4719,12.2742],[77.4921,12.2055],[77.6678,12.2039],[77.7687,12.12],[77.6708,11.9713],[77.4898,11.9261],[77.4339,11.8115],[77.3539,11.7837],[77.2592,11.8169],[77.1219,11.7925],[77.0826,11.7568],[76.9974,11.8259],[76.9077,11.8002],[76.8208,11.6256],[76.7508,11.6423],[76.6054,11.6312],[76.5322,11.7091],[76.4653,11.715],[76.4159,11.6668],[76.3893,11.744],[76.3166,11.7469],[76.1766,11.857],[76.1155,11.8575],[76.0558,11.9637],[75.9606,11.9286],[75.846,11.9511],[75.7762,12.0098],[75.7611,12.0687],[75.6292,12.1021],[75.5366,12.1689],[75.4262,12.2918],[75.3893,12.2947],[75.312,12.4695],[75.1021,12.6789],[74.894,12.7514]],[[76.4159,11.6668],[76.3392,11.5915],[76.2408,11.604],[76.2563,11.4784],[76.4091,11.4368],[76.4954,11.3848],[76.5338,11.3131],[76.4663,11.2052],[76.6412,11.2086],[76.7192,11.1387],[76.6904,10.9334],[76.8198,10.876],[76.8897,10.78],[76.8755,10.6785],[76.8211,10.6332],[76.8086,10.4371],[76.8415,10.3107],[76.928,10.2356],[76.9863,10.2313],[77.0646,10.2963],[77.1915,10.3513],[77.277,10.2101],[77.2243,10.0578],[77.2602,9.9622],[77.2259,9.8589],[77.2354,9.7647],[77.1877,9.6128],[77.2632,9.5574],[77.3406,9.58],[77.3986,9.5],[77.2545,9.1221],[77.1649,9.001],[77.2026,8.8942],[77.2493,8.8591],[77.2354,8.7841],[77.1789,8.6952],[77.2038,8.612],[77.2788,8.5264],[77.1661,8.3369],[77.1097,8.2842]],[[83.9702,22.5393],[83.9962,22.5927],[84.191,22.7009],[84.2283,22.7831],[84.3522,22.8856],[84.2917,22.9972],[84.115,22.9989],[84.0891,23.0848],[84.0289,23.1461],[84.0386,23.3094],[84.0154,23.3826],[83.9469,23.37],[83.9522,23.4749],[84.0145,23.554],[83.9912,23.6318],[83.9064,23.5647],[83.7809,23.5865],[83.7208,23.6762],[83.7353,23.7383],[83.6966,23.8187],[83.5568,23.9358],[83.5218,24.0659],[83.4423,24.1218],[83.3371,24.1402]],[[86.6865,22.218],[86.7803,22.2867],[86.7899,22.4156],[86.7181,22.4694],[86.7494,22.5448],[86.6114,22.6043],[86.5869,22.6807],[86.3991,22.785],[86.4148,22.9435],[86.4505,23.0042],[86.1425,23.0283],[86.0202,23.1526],[85.8884,23.1631],[85.8298,23.2608],[85.8948,23.4165],[85.8289,23.4831],[85.9964,23.5115],[86.0564,23.6025],[86.1345,23.5589],[86.1215,23.5009],[86.2143,23.4492],[86.3365,23.5084],[86.3484,23.5679],[86.4585,23.6386],[86.6461,23.6969],[86.7998,23.7255],[86.8097,23.8181],[86.8772,23.9131],[87.0797,23.8152],[87.1663,23.8102],[87.2412,23.8508],[87.3016,24.0569],[87.3381,24.0018],[87.4887,24.0469],[87.4869,24.1241],[87.5721,24.1176],[87.6616,24.1862],[87.6315,24.2694],[87.7206,24.3178],[87.8005,24.5008],[87.7908,24.5625],[87.8773,24.5887],[87.8954,24.6703],[87.8533,24.7584],[87.8775,24.9389],[87.8441,25.0415],[87.781,25.0899],[87.7837,25.2141],[87.7262,25.2516],[87.5987,25.2667],[87.5235,25.3238],[87.4067,25.181],[87.2919,25.1743],[87.2659,25.0722],[87.1855,25.062],[87.1173,24.9709],[87.1192,24.8511],[87.0775,24.7453],[87.05,24.597],[86.9255,24.6136],[86.8899,24.5316],[86.7554,24.5881],[86.7023,24.5478],[86.5857,24.5614],[86.4944,24.4798],[86.4387,24.3404],[86.2764,24.4348],[86.2905,24.5516],[86.1549,24.5561],[86.0977,24.6905],[86.0329,24.7124],[85.9116,24.6985],[85.8309,24.7709],[85.746,24.77],[85.6473,24.6486],[85.6624,24.5689],[85.5784,24.5578],[85.5264,24.5016],[85.3914,24.5095],[85.2806,24.4873],[84.9615,24.3484],[84.889,24.3728],[84.7985,24.4966],[84.5883,24.3944],[84.5192,24.3075],[84.472,24.3074],[84.3119,24.4511],[84.3054,24.5308],[84.0956,24.5041],[84.0439,24.6239],[83.9184,24.5438],[83.7879,24.5373],[83.6959,24.5063],[83.5231,24.5297]],[[73.1663,20.1149],[73.1609,20.0475],[72.9972,20.0398],[72.8967,20.2215],[73.0499,20.3303],[73.1122,20.2549],[73.0468,20.2213],[73.0418,20.1577],[73.1663,20.1149],[73.2433,20.1386],[73.2718,20.1934],[73.3638,20.1783],[73.3941,20.2704],[73.3607,20.3694],[73.4587,20.538],[73.4042,20.6699],[73.4758,20.6787],[73.6998,20.5624],[73.7923,20.6062],[73.811,20.6769],[73.909,20.7757],[73.9029,20.8839],[73.8683,20.9748],[73.6952,21.1226],[73.7774,21.2166],[73.8001,21.2809],[73.9186,21.2916],[73.9602,21.3944],[74.0535,21.4657],[74.1087,21.4516],[74.2915,21.5139],[74.1916,21.5455],[73.9959,21.5553],[73.8208,21.5083],[73.7516,21.611],[73.8286,21.6509],[73.8094,21.8365],[73.9176,21.8669],[74.061,21.9403],[74.1288,21.9518],[74.2049,21.9251],[74.2844,21.9449],[74.4077,22.023],[74.4856,21.946],[74.5125,21.7269],[74.7081,21.6112],[74.8941,21.612],[75.048,21.5541],[75.1299,21.4377],[75.3119,21.3815],[75.5347,21.3718],[75.814,21.3834],[75.8778,21.3998],[76.0829,21.3681],[76.1429,21.1931],[76.1086,21.1531],[76.1868,21.0858],[76.2866,21.0748],[76.4366,21.1078],[76.4983,21.1804],[76.6141,21.2025],[76.654,21.2513],[76.6334,21.341],[76.7295,21.413],[76.7855,21.5017],[76.7937,21.577],[76.9174,21.6181],[77.0288,21.6936],[77.1155,21.724],[77.219,21.7008],[77.333,21.7745],[77.4607,21.77],[77.5518,21.6968],[77.5552,21.5425],[77.4568,21.5485],[77.4331,21.4988],[77.4818,21.4239],[77.578,21.3845],[77.7126,21.3803],[77.7875,21.423],[77.8715,21.3981],[78.0292,21.4377],[78.1927,21.5511],[78.4133,21.6063],[78.4279,21.5085],[78.5137,21.5266],[78.696,21.4748],[78.9042,21.5093],[78.9219,21.5723],[79.2158,21.6546],[79.2401,21.7128],[79.4131,21.6898],[79.5331,21.6193],[79.5516,21.55],[79.6505,21.5816],[79.7984,21.5878],[79.8403,21.5343],[80.0053,21.5483],[80.1867,21.6395],[80.3102,21.5802],[80.4176,21.4468],[80.6256,21.3265],[80.679,21.3512]],[[72.9472,20.1274],[72.709,20.078]],[[74.1035,15.6446],[73.9917,15.6111],[73.942,15.6344],[73.9084,15.7212],[73.8076,15.7749],[73.6789,15.7112]],[[92.0728,26.9209],[92.2103,26.9123],[92.6262,27.0181],[92.6988,27.0659],[92.8148,27.0508],[93.0203,26.953],[93.375,26.9888],[93.4607,26.9472],[93.6947,27.0059],[93.8266,27.096],[93.8466,27.1989],[93.9825,27.3277],[94.2431,27.526],[94.2431,27.648],[94.3529,27.5931],[94.4746,27.5939],[95.3132,27.8958],[95.4084,27.8708],[95.5436,27.9021],[95.7168,27.9902],[95.9641,27.9933],[95.9007,27.8654],[95.7759,27.7173],[95.8043,27.6194],[95.8868,27.557],[95.8796,27.4626],[95.9783,27.4497],[96.0072,27.3651],[95.9037,27.2761],[95.7996,27.2859],[95.6438,27.2303],[95.5459,27.2739],[95.4934,27.25],[95.4238,27.1413],[95.2612,27.0489],[95.1764,27.0332],[95.0312,26.9335],[94.9171,26.9512],[94.7989,26.8144],[94.6905,26.741],[94.4866,26.6767],[94.3582,26.4984],[94.2072,26.4837],[94.1774,26.3724],[94.0077,26.1844],[93.9734,26.0404],[93.9892,25.9462],[93.9042,25.8568],[93.7521,25.9591],[93.7089,25.8701],[93.5808,25.7631],[93.5243,25.6893],[93.3359,25.538],[93.4585,25.3807],[93.4492,25.3021],[93.3943,25.235],[93.1892,24.8108],[93.124,24.8098],[93.0871,24.707],[93.0457,24.4445],[93.0184,24.3991],[92.8287,24.3773],[92.7463,24.4711],[92.7012,24.3619],[92.6309,24.2951],[92.6245,24.2385],[92.4895,24.1325],[92.4162,24.2395],[92.2985,24.2377],[92.2202,24.2643],[92.2578,24.396],[92.2217,24.5004],[92.1391,24.5453]],[[95.1764,27.0332],[95.2254,26.9742],[95.2022,26.8667],[95.2353,26.7906],[95.2464,26.6548]],[[93.4492,25.3021],[93.6055,25.2058],[93.6791,25.3283],[93.8086,25.4461],[93.8032,25.5436],[94.0267,25.5538],[94.2094,25.4955],[94.3253,25.512],[94.5647,25.6842],[94.5528,25.4903],[94.6548,25.4448]],[[93.0184,24.3991],[92.9955,24.0953],[93.1057,24.0449],[93.2486,24.057],[93.3121,24.0325]],[[92.2985,24.2377],[92.3254,24.1883],[92.3186,23.8505],[92.2707,23.8291],[92.2461,23.6836]],[[92.386,25.0057],[92.5649,25.1524],[92.8055,25.2277],[92.7896,25.3489],[92.5883,25.4988],[92.5934,25.5867],[92.3824,25.7643],[92.1673,25.6895],[92.1655,25.8092],[92.2147,25.9195],[92.184,25.993],[92.2615,26.0554],[92.1641,26.0884],[91.9225,26.0382],[91.8253,26.0893],[91.7519,26.0481],[91.7182,25.9677],[91.5823,26.0269],[91.4747,25.8962],[91.3606,25.8433],[91.251,25.7376],[91.2081,25.7362],[91.1789,25.8696],[91.0968,25.8399],[90.9745,25.9436],[90.7529,25.9621],[90.6443,25.9315],[90.6177,25.9698],[90.4845,26.0119],[90.1356,25.9598],[89.9742,25.8016],[89.9423,25.6915],[90.0021,25.5868],[89.8973,25.5414],[89.8755,25.4604],[89.8064,25.441]],[[89.6878,26.1954],[89.7273,26.2062],[89.7815,26.3087],[89.8289,26.3279],[89.8885,26.5329],[89.86,26.7136]],[[78.2001,26.8236],[78.3715,26.851],[78.5635,26.7585],[78.6932,26.7979],[78.8424,26.7119],[78.9358,26.6944],[78.9744,26.5716],[79.0281,26.4976],[79.0608,26.3551],[78.9633,26.2781],[78.9541,26.11],[78.8083,25.8416],[78.7398,25.7898],[78.7536,25.6743],[78.7145,25.6259],[78.5584,25.5755],[78.3705,25.5527],[78.33,25.4648],[78.2619,25.4117],[78.3663,25.186],[78.3365,25.023],[78.1691,24.8655],[78.2613,24.6927],[78.2648,24.5835],[78.2288,24.5327],[78.2775,24.4531],[78.3505,24.408],[78.3301,24.342],[78.3855,24.3012],[78.4894,24.4108],[78.6559,24.2946],[78.7466,24.2794],[78.8258,24.2301],[78.955,24.3925],[78.8787,24.6132],[78.7504,24.6298],[78.7154,24.6851],[78.7321,24.8149],[78.6402,24.9641],[78.6098,25.1363],[78.5159,25.2662],[78.5971,25.414],[78.7275,25.3464],[78.7488,25.4261],[78.8531,25.434],[78.9191,25.5046],[78.9549,25.3857],[78.885,25.2655],[78.9834,25.2374],[79.024,25.1746],[79.109,25.195],[79.269,25.1641],[79.2945,25.2594],[79.4247,25.2572],[79.3391,25.1474],[79.4682,25.1038],[79.5416,25.1766],[79.6611,25.1481],[79.8633,25.1532],[79.8521,25.2478],[80.0153,25.3309],[80.1245,25.351],[80.1911,25.4133],[80.2836,25.4145],[80.3265,25.2823],[80.395,25.2467],[80.422,25.1807],[80.2653,25.0638],[80.2883,25.0162],[80.4584,25.0151],[80.5151,25.0407],[80.5795,25.1479],[80.6472,25.0701],[80.7179,25.082],[80.8061,25.2122],[80.8589,25.1876],[80.7787,24.9715],[80.893,24.9841],[80.9988,24.9657],[81.0981,24.9086],[81.1848,24.9729],[81.239,25.0981],[81.2432,25.1695],[81.3605,25.157],[81.537,25.1998],[81.5852,25.0796],[81.8172,25.0358],[81.8811,24.9215],[82.0332,24.8595],[82.319,24.702],[82.3027,24.6381],[82.4236,24.6475],[82.4271,24.7186],[82.6239,24.6919],[82.6922,24.7198],[82.7721,24.6683],[82.8084,24.5664],[82.7344,24.5516],[82.7341,24.4197],[82.767,24.386],[82.7329,24.2141],[82.6794,24.1668],[82.8009,23.9987]],[[74.3235,23.0361],[74.365,22.875],[74.4266,22.8716],[74.4581,22.8041],[74.3764,22.651],[74.2727,22.6097],[74.1612,22.5167],[74.0631,22.5209],[74.0257,22.4796],[74.113,22.4107],[74.2215,22.4094],[74.2243,22.3492],[74.0564,22.2942],[74.0715,22.1978],[74.1419,22.0628],[74.1288,21.9518]],[[87.7837,25.2141],[87.8381,25.2778],[87.768,25.4363],[87.9558,25.5341],[88.0431,25.5471],[88.0464,25.6689],[87.9105,25.7651],[87.8054,25.8737],[87.8314,26.0106],[87.9794,26.1458],[88.0798,26.1928],[88.1805,26.2855],[88.2972,26.3362],[88.2823,26.4284],[88.195,26.5015],[88.0936,26.5368]],[[79.8129,11.8324],[79.7271,11.8416],[79.686,11.9999],[79.7911,11.9168],[79.8485,11.9545]],[[79.8502,10.7688],[79.7674,10.8886],[79.7054,10.9104],[79.7375,10.9862],[79.8494,10.9798]]]}},{"type":"Feature","properties":{"cc":"RU","name":"Russia"},"geometry":{"type":"MultiLineString","coordinates":[[[88.624,56.833],[88.5518,56.7868],[88.4189,56.8285],[87.7792,56.548],[87.6204,56.6397],[87.397,56.616],[87.1667,56.6756],[87.1298,56.54],[86.913,56.5555],[86.7067,56.6319],[86.5324,56.5688],[86.3942,56.5493],[86.3134,56.6269],[86.2174,56.6242],[86.1116,56.4966],[85.7845,56.4062],[85.7907,56.361],[85.6065,56.3241],[85.6879,56.2388],[85.3793,56.2127],[85.2544,56.2451],[85.1212,56.2159],[85.0092,56.1334],[84.8929,56.1696],[84.4104,56.0441],[84.329,55.9875],[84.1968,56.0548],[83.9511,56.0049],[83.9095,55.9132],[83.7827,55.8821],[83.5682,55.6927],[83.4029,55.7352],[83.3161,55.6922],[83.2232,55.737],[83.2933,55.851],[83.4066,55.8935],[83.3535,55.9691],[83.1276,56.1317],[83.2144,56.2121],[83.1375,56.2757],[83.1539,56.3819],[83.2517,56.4556],[83.096,56.5493],[82.9959,56.5079],[82.8565,56.5326],[82.8285,56.4405],[82.4265,56.3943],[82.3424,56.3556],[82.146,56.3346],[81.9444,56.3395],[81.5574,56.2583],[81.4256,56.3733],[81.2146,56.5076],[81.1223,56.5326],[80.3103,56.4386],[80.2486,56.4547],[79.5898,56.9286],[78.4476,57.1219],[78.4443,57.1613],[76.9185,57.1879],[76.8022,57.21],[76.1087,57.2503],[75.9925,57.3849],[75.8586,57.3991],[75.7271,57.5989],[75.5805,57.675],[75.5428,57.9409],[75.0929,58.1101],[75.2219,58.2221],[75.0801,58.3535],[75.3043,58.4511],[75.3029,58.4869],[75.1052,58.581],[75.1595,58.6502],[75.6416,58.9824],[75.6869,59.0401],[75.6284,59.2378],[75.8434,59.3233],[75.8951,59.4264],[76.0072,59.4284],[76.1717,59.5428],[76.4401,59.5446],[76.6455,59.5851],[76.6563,59.6927],[76.7415,59.7578],[76.7575,60.0567],[76.6986,60.1173],[76.8479,60.2661],[76.7494,60.3469],[76.7796,60.4518],[77.0127,60.5272],[77.0535,60.5775],[76.9703,60.6491],[77.0676,60.7263],[77.1361,60.8561],[77.4075,60.8111],[77.7023,60.8252],[77.9411,60.7492],[78.1641,60.8031],[78.4744,60.7775],[78.6749,60.828],[78.8065,60.7798],[79.1685,60.8366],[79.3136,60.7923],[79.2846,60.7256],[79.3595,60.6636],[79.5026,60.6866],[79.8533,60.6919],[80.1654,60.6636],[80.4139,60.7606],[80.7235,60.7966],[81.0172,60.7572],[81.1405,60.6367],[81.4977,60.6155],[81.8304,60.6447],[82.139,60.532],[82.3624,60.6006],[82.4074,60.723],[83.1442,61.0282],[83.5036,61.0472],[83.6162,60.9818],[83.9972,60.8261],[84.2596,60.8555],[84.3553,60.7909],[84.7083,60.4589],[84.7812,60.356],[84.6319,60.2056],[84.6106,60.0592],[84.5313,59.975],[84.6919,59.9048],[85.4963,59.8916],[85.9682,59.9559],[86.6254,59.95],[87.0841,59.8828],[87.2136,59.685],[87.492,59.6736],[87.5539,59.6407],[87.8784,59.289],[87.9363,59.2662],[88.5859,59.2987],[88.6203,59.1988],[88.8258,59.0345],[88.7967,59.0105],[88.3826,58.9089],[87.9322,58.5261],[87.9182,58.4999],[88.0143,58.2683],[88.1557,58.1065],[88.6874,58.0366],[88.8508,57.9606],[89.3284,57.95],[89.3906,57.8776],[89.3544,57.7963],[89.3804,57.6372],[89.1668,57.6158],[89.0772,57.5147],[88.8615,57.4317],[88.7386,57.2328],[88.6475,57.2116],[88.5296,57.0958],[88.7209,57.0553],[88.624,56.833],[88.7211,56.7317],[88.6612,56.6363],[88.5167,56.6266],[88.5368,56.5454],[88.625,56.5166],[88.5925,56.4436],[88.7335,56.376],[88.8615,56.3663],[88.9132,56.3098],[89.041,56.3047],[89.0563,56.2101],[89.1987,56.1346],[89.3298,55.9022],[89.4434,55.876],[89.3628,55.7725],[89.17,55.704],[89.0616,55.6929],[88.6823,55.516],[88.3965,55.279],[88.55,55.0834],[88.5467,55.0232],[88.6599,54.903],[88.7476,54.8901],[88.7531,54.8046],[88.6126,54.6969],[88.603,54.5217],[88.5186,54.4161],[88.5608,54.2877],[88.7977,54.4071],[88.9548,54.3692],[89.0043,54.2901],[89.1292,54.3505],[89.2186,54.2425],[89.1872,54.1474],[89.0468,54.1174],[88.9815,54.0652],[89.0727,53.9526],[89.2604,53.8348],[89.1815,53.7807],[89.0183,53.7422],[89.0112,53.6794],[88.8339,53.5846],[88.8952,53.3866],[89.0506,53.2494],[89.0491,53.1305],[88.8951,52.9874],[89.1182,52.92],[89.2356,52.81],[89.0432,52.6781],[89.1151,52.6264],[88.9446,52.488],[88.6761,52.3525],[88.6881,52.2567],[88.3648,52.168],[88.3631,52.2987],[88.4183,52.3507],[88.4132,52.4551],[88.201,52.4159],[87.9238,52.5476],[87.6355,52.4498],[87.5789,52.4873],[87.3703,52.5183],[87.334,52.5975],[87.1732,52.6116],[87.1751,52.706],[87.0736,52.7168],[86.9445,52.8624],[87.0261,52.921],[87.077,53.0752],[86.9433,53.0795],[86.7052,53.1963],[86.9835,53.4074],[86.9335,53.4531],[86.7234,53.4841],[86.5688,53.538],[86.4548,53.614],[86.4056,53.7509],[86.2917,53.8762],[86.2323,53.8865],[86.1175,54.0002],[85.9438,54.0399],[85.8108,54.1262],[85.577,54.2318],[85.4348,54.2115],[85.16,54.4872],[84.6933,54.3374],[84.5319,54.1697],[84.2656,54.2157],[84.0027,54.1445],[83.5551,54.1229],[83.4923,54.0856],[83.4989,53.9908],[83.385,53.9494],[83.2949,54.083],[83.1832,54.0622],[82.733,53.7869],[82.4855,53.4686],[82.2557,53.591],[82.2135,53.6625],[82.1038,53.6622],[81.9678,53.7187],[81.8457,53.7098],[81.7556,53.7779],[81.7324,53.8537],[81.8384,53.8953],[81.8546,53.9686],[81.5817,54.0167],[81.4736,54.0717],[81.2473,54.101],[81.1119,54.1517],[81.1037,54.2126],[80.994,54.2648],[80.9248,54.3961],[80.8017,54.3302],[80.6554,54.2043],[80.525,54.1698],[80.2971,54.0701],[80.1285,54.0751],[80.0435,54.0011],[79.8665,53.9325],[79.8624,53.8577],[79.7211,53.8405],[79.5715,53.7327],[79.4419,53.693],[79.3043,53.7163],[79.2452,53.68],[79.0278,53.6609],[78.8857,53.6821],[78.6026,53.6161],[78.6269,53.5294],[78.3766,53.4881],[78.2599,53.4955],[78.2045,53.6119],[77.9253,53.5648],[77.93,53.4398],[77.7844,53.3271]],[[84.4104,56.0441],[84.5286,56.0419],[84.5665,55.9614],[84.5063,55.8682],[84.6056,55.8407],[84.5656,55.7088],[84.7093,55.6618],[84.771,55.5398],[84.731,55.3912],[84.8755,55.3885],[84.8226,55.2462],[84.9158,55.1653],[84.8826,54.9853],[85.0761,54.8683],[84.9545,54.7445],[85.0433,54.6623],[84.9483,54.6041],[85.0794,54.4694]],[[76.1087,57.2503],[76.1958,56.9694],[76.2488,56.9125],[76.2842,56.7262],[76.009,56.5484],[76.1083,56.3284],[76.3095,56.2236],[76.3052,56.1831],[76.0062,56.1785],[75.9393,56.1294],[75.7759,56.1441],[75.696,56.0682],[75.5662,56.0541],[75.3176,55.8958],[75.3424,55.764],[75.1344,55.6994],[75.2273,55.6524],[75.1784,55.5691],[75.311,55.5002],[75.191,55.4624],[75.0975,55.3818],[75.2677,55.2497],[75.2548,55.1369],[75.3943,55.0374],[75.3633,54.9081],[75.5304,54.8909],[75.6404,54.812],[75.691,54.7129],[75.7656,54.7059],[75.8304,54.6015],[75.697,54.5439],[75.6825,54.482],[75.6912,54.1144]],[[75.1052,58.581],[74.6708,58.3544],[74.6136,58.2943],[74.4839,58.2691],[74.2063,58.1336],[73.0874,58.1463],[72.8612,58.0105],[72.1491,58.0262],[71.9889,58.1227],[71.2692,58.0764],[71.2209,58.1658],[71.245,58.3409],[71.3016,58.3851],[71.1203,58.4534],[71.0835,58.5185],[70.8646,58.5346],[70.4361,57.9338],[70.4298,57.7848],[70.565,57.7053],[70.5799,57.5836],[70.6752,57.5113],[70.4362,57.4093],[70.4908,57.3038],[70.6338,57.2646],[70.7285,57.1936],[70.8001,57.3191],[71.0798,57.3444],[71.144,57.2523],[71.3712,57.0638],[71.6523,56.9226],[71.6733,56.8378],[71.5567,56.7322],[71.3997,56.7253],[71.357,56.6711],[71.1689,56.6757],[71.029,56.5265],[70.8554,56.4559],[70.9275,56.347],[70.7703,56.2959],[70.8499,56.2363],[70.8279,56.1596],[70.909,56.1118],[70.8467,55.9634],[70.5858,55.8379],[70.5493,55.6755],[70.7471,55.5903],[70.6755,55.505],[70.5436,55.4865],[70.471,55.418],[70.4724,55.2765]],[[75.1595,58.6502],[74.9809,58.7185],[74.8991,58.6964],[74.7431,58.7481],[74.1001,58.7394],[73.9995,58.7996],[73.7558,58.8094],[73.6206,58.8536],[73.4441,58.8176],[73.0321,58.8631],[73.0946,58.9462],[72.9669,59.0001],[72.9756,59.099],[72.8633,59.1574],[72.6569,59.107],[72.4536,59.2151],[72.4372,59.3034],[72.3552,59.3397],[71.9998,59.5658],[71.8822,59.5726],[71.777,59.6477],[71.2965,59.7991],[71.1934,59.9051],[71.0172,59.8226],[70.7976,59.863],[70.3985,59.8175],[70.2477,59.8398],[70.1549,59.9],[69.6156,59.9049],[69.5013,59.9892],[69.3061,59.9889],[69.1333,59.9446],[69.0777,59.8932],[69.2952,59.7829],[68.844,59.6213],[68.5434,59.5509],[68.3581,59.2829],[68.1954,59.2415],[67.7421,59.2119],[67.5645,59.0929],[67.2637,59.0204],[67.0709,58.9249],[66.9511,58.9732],[66.7737,58.9297],[66.7858,58.7204],[66.7407,58.6696],[66.3802,58.5891],[66.252,58.6141],[65.9345,58.6144],[65.669,58.6633],[65.3823,58.9191],[65.1847,59.2233],[65.0016,59.3377],[64.3243,59.4112],[64.121,59.3908],[63.98,59.4055],[63.8251,59.477],[63.7955,59.7916],[63.6944,60.0014],[63.5894,60.155],[63.4375,60.1586],[63.1973,60.242],[63.22,60.3005],[63.091,60.4596],[62.8812,60.64],[62.7597,60.8594],[62.8598,61.0013],[62.6201,61.2107],[62.4197,61.3051],[61.9334,61.4041],[61.9002,61.4336],[61.1652,61.6827],[60.7594,61.7036],[60.4309,61.7471],[60.0566,61.7212],[59.9877,61.7471],[59.9843,61.9028],[59.7794,61.9523],[59.6519,61.9365],[59.4854,61.9933],[59.4041,62.108],[59.5074,62.3068],[59.5649,62.335],[59.6437,62.5103],[59.5265,62.5414],[59.3941,62.7314],[59.4831,62.8924],[59.2781,62.9702],[59.2317,63.0891],[59.3296,63.2739],[59.2922,63.3422],[59.4938,63.6105],[59.5209,63.7905],[59.5844,63.9383],[59.7614,63.9958],[59.8381,64.0801],[59.5884,64.2326],[59.6331,64.3437],[59.5893,64.4671],[59.4842,64.4973],[59.7041,64.6677],[59.6476,64.7724],[59.7499,64.8589],[59.889,64.9013],[60.1474,65.0648],[60.305,65.0714],[60.6765,64.9123],[60.8309,65.0514],[61.0028,65.0603],[61.1067,65.1608],[61.2405,65.1919],[61.2631,65.3074],[61.5106,65.5005],[61.8819,65.7018],[62.0185,65.7171],[62.2784,65.6229],[62.4106,65.5154],[62.3736,65.4489],[62.5165,65.3388],[62.8167,65.2916],[62.8015,65.0514],[62.6787,64.8781],[62.799,64.8474],[62.8028,64.7263],[62.6004,64.645],[62.532,64.56],[62.6992,64.4922],[63.2148,64.526],[63.4666,64.4505],[63.5026,64.3711],[63.4171,64.3239],[63.6114,64.2685],[63.8957,64.2871],[64.0162,64.3574],[64.4443,64.3562],[64.6222,64.4387],[64.7608,64.4268],[64.9952,64.4659],[65.1759,64.4458],[65.3997,64.5714],[65.8835,64.5686],[66.1461,64.5859],[66.434,64.5152],[66.6816,64.5575],[66.9363,64.487],[66.8917,64.3835],[66.7959,64.3213],[66.8187,64.2256],[67.1709,64.1629],[67.2807,64.0806],[67.6791,64.079],[67.8093,64.032],[67.9356,64.1176],[68.1786,64.1762],[68.425,64.296],[68.8106,64.2212],[68.9904,64.3296],[68.8592,64.4357],[69.0148,64.4718],[69.2441,64.4658],[69.3896,64.3885],[69.6931,64.4],[69.8253,64.341],[69.9999,64.3159],[70.3069,64.3436],[70.4727,64.2516],[70.6721,64.2368],[70.7689,64.1936],[70.7548,64.1002],[70.5697,64.0154],[70.6377,63.9032],[70.8132,63.8217],[70.9138,63.6924],[71.3876,63.6746],[71.5691,63.5514],[71.608,63.1852],[71.8055,63.2189],[71.9637,63.1971],[72.1608,63.2992],[72.655,63.2802],[72.907,63.3933],[73.1038,63.4363],[73.2839,63.315],[73.3681,63.2069],[74.2411,63.172],[74.5074,63.0432],[74.9145,63.032],[75.3636,63.1078],[75.6997,63.0912],[75.8027,63.114],[76.2402,63.0188],[76.2894,62.95],[76.6226,63.0378],[77.0262,62.975],[77.1322,62.813],[77.327,62.7104],[77.889,62.5573],[77.9665,62.478],[78.3794,62.5678],[78.7931,62.6151],[79.8201,62.6037],[79.9147,62.792],[80.0732,62.8262],[80.5744,63.019],[80.5842,63.0826],[81.0747,63.1174],[81.195,62.9496],[81.3492,62.8212],[81.6004,62.7731],[81.8398,62.6919],[82.0735,62.8],[82.2879,62.7751],[82.7327,62.7572],[82.741,62.6802],[83.01,62.5947],[83.0335,62.5295],[83.3107,62.457],[83.5329,62.5248],[83.7982,62.5603],[84.0959,62.3751],[84.237,62.3767],[84.289,62.2762],[84.4357,62.178],[84.7456,62.4104],[84.8609,62.4512],[84.9577,62.5929],[85.09,62.638],[85.2252,62.8012],[85.3243,62.8693],[85.5183,62.9326],[85.584,63.0539],[85.4694,63.1492],[85.6406,63.3742],[85.4102,63.3532],[85.3779,63.4665],[85.2764,63.5224],[85.0967,63.5342],[85.333,63.7008],[85.3731,63.8084],[85.5335,63.9367],[85.9482,64.0534],[85.9342,64.1228],[86.0281,64.2798],[85.9508,64.3285],[85.8445,64.501],[85.916,64.5885],[85.812,64.6563],[85.859,64.7564],[85.61,64.8278],[85.1844,64.7508],[84.9677,64.8914],[84.8198,64.9307],[84.4701,64.8902],[84.2789,64.9403],[84.3868,64.9939],[84.3128,65.0985],[84.3882,65.1752],[84.5233,65.2134],[84.5856,65.3111],[84.5502,65.4334],[84.4299,65.5514],[84.2909,65.6132],[84.3194,65.6844],[84.1683,65.7034],[84.031,65.793],[83.5181,65.8225],[83.5212,65.9083],[83.2961,66.0583],[83.3806,66.1395],[83.5246,66.173],[83.2624,66.3894],[83.091,66.4592],[83.0781,66.5789],[83.2928,66.663],[83.1619,66.818],[83.0418,66.891],[82.1173,67.2438],[82.3525,67.328],[82.2561,67.4091],[82.3868,67.5236],[82.1096,67.609],[82.1003,67.7244],[81.8818,67.7993],[81.7305,67.9075],[82.0592,67.9485],[82.3536,67.9435],[82.3946,68.1766],[82.5496,68.1791],[82.6806,68.2828],[82.7096,68.4141],[82.5359,68.6107],[82.8666,68.6278],[83.0154,68.6839],[82.5459,68.8403],[82.4807,68.9951],[82.3327,69.062],[82.4968,69.1105],[82.2569,69.1567],[81.8932,69.1827],[81.7722,69.2329],[81.9294,69.3493],[81.7832,69.4287],[81.6256,69.4095],[81.6107,69.2864],[81.3239,69.2856],[80.9669,69.2091],[80.7342,69.3081],[80.2598,69.3557],[79.8543,69.3545],[79.6445,69.4914],[79.5854,69.5883],[79.1164,69.7316],[78.9129,69.8609],[79.1712,69.9783],[79.2084,70.0528],[79.5053,70.1154],[79.6302,70.2207],[80.0951,70.3534],[80.1769,70.4296],[80.5691,70.4608],[80.7528,70.6352],[80.608,70.7102],[80.6799,70.8054],[80.5519,70.9002],[80.55,71.0444],[80.4032,71.0912],[79.9544,71.1341],[79.5652,71.2774],[79.2447,71.3167],[79.1431,71.4217],[79.3335,71.4811],[79.3827,71.615],[79.8682,71.6017],[80.1188,71.6749],[80.0364,71.8308],[80.3391,71.8898],[80.218,71.9425],[79.6949,72.0577],[79.4189,72.0434],[78.6968,72.1803],[78.4826,72.395]],[[84.2596,60.8555],[84.6481,61.0007],[85.6712,61.2892],[85.6439,61.3876],[85.7711,61.4435],[85.9504,61.4647],[85.9562,61.55],[85.854,61.5951],[85.7219,61.5747],[85.4796,61.6279],[85.3861,61.6981],[85.2727,61.6826],[84.9191,61.7965],[84.6811,61.8153],[84.5201,61.9451],[84.5513,62.0015],[84.4357,62.178]],[[40.6887,43.5196],[40.7234,43.6315],[40.7239,43.8105],[40.7817,43.9268],[40.9507,43.9894],[40.9854,44.1155],[41.2559,44.0806],[41.2825,44.0116],[41.4495,43.9939],[41.5385,44.0853],[41.6325,44.1219],[41.7115,44.243],[41.704,44.3084],[41.6022,44.3675],[41.7294,44.4586],[41.9046,44.4948],[41.9446,44.4029],[42.038,44.3639],[42.2298,44.3437],[42.3459,44.3056],[42.4991,44.2989],[42.5555,44.2449],[42.3031,44.1285],[42.306,44.0577],[42.3781,43.9715],[42.497,44.0304],[42.6601,43.9167],[42.6832,43.8072],[42.6714,43.6956],[42.46,43.6154],[42.4787,43.4998],[42.4047,43.3954],[42.4043,43.2837],[42.3623,43.2258]],[[41.7294,44.4586],[41.7019,44.5014],[41.5666,44.546],[41.4175,44.7078],[41.5384,44.7363],[41.651,44.8966],[41.6415,44.981],[41.4693,44.987],[41.3471,45.1219],[41.3596,45.212],[41.2601,45.2281],[41.0382,45.2182],[41.0081,45.3848],[40.9248,45.4299],[40.8408,45.5388],[40.8703,45.6959],[41.1722,45.7016],[41.2744,45.7541],[41.2606,45.872],[41.1624,45.9536],[41.3754,45.9468],[41.4201,45.9948],[41.6585,45.9761],[41.7126,45.996],[42.1497,45.949],[42.1774,46.0991],[42.3397,46.1071],[42.3174,45.9808],[42.5335,45.9977],[42.6712,46.0884],[42.8346,46.1558],[42.9054,46.2403],[42.9914,46.1796],[43.2373,46.1124],[43.3925,46.016],[43.5683,45.981],[43.7423,45.9789],[43.8776,45.9455],[44.097,45.7739],[44.1482,45.6525],[44.2072,45.61],[44.421,45.5267],[44.7063,45.506],[45.5862,45.1583],[45.7119,45.0137],[45.706,44.9758],[45.6211,44.899],[45.614,44.766],[45.4349,44.6175],[45.2709,44.5906],[45.2374,44.4601],[45.3984,44.4444],[45.4438,44.4025],[45.4045,44.3175],[45.1307,44.2683],[45.1241,44.2024],[45.5063,44.1905],[45.5094,44.0152],[45.4591,43.9999],[45.4318,43.8786],[45.2374,43.8802],[45.1897,43.9517],[45.0834,43.9528],[45.0799,43.7877],[45.0,43.7046],[44.8387,43.6611],[44.8035,43.8021],[44.6936,43.8299],[44.3993,43.7952],[44.2849,43.8188],[44.2585,43.9246],[43.9061,43.9942],[43.8034,43.9405],[43.7287,43.8387],[43.5018,43.8666],[43.3,43.824],[43.266,43.9098],[43.1748,43.9478],[43.1112,43.8965],[42.9751,43.891],[42.8521,43.8171],[42.6832,43.8072]],[[44.6443,42.7347],[44.6284,42.8828],[44.8522,42.8364],[44.9366,42.9202],[44.9153,43.0709],[44.8184,43.1629],[44.7129,43.2179],[44.5749,43.2403],[44.5724,43.3925],[44.4987,43.3921],[44.522,43.5645],[44.6159,43.6099],[44.7675,43.6198],[45.0467,43.4943],[45.121,43.2041],[45.1693,43.1274],[45.1372,43.0746],[45.1613,42.9464],[45.1366,42.8351],[45.1718,42.7917],[45.0774,42.6929]],[[44.8385,43.5841],[44.8387,43.6611]],[[44.2849,43.8188],[44.3278,43.6642],[44.4331,43.6541],[44.3798,43.4902],[44.1811,43.3567],[44.1078,43.4307],[44.0357,43.3648],[44.0843,43.2744],[43.8982,43.2539],[43.8481,43.3101],[43.7352,43.1102],[43.5662,42.9388],[43.4369,42.9504],[43.3864,42.8871]],[[41.7126,45.996],[41.6558,46.1053],[41.726,46.2136],[41.8401,46.1529],[41.915,46.1846],[41.995,46.3013],[42.2019,46.3145],[42.0996,46.4071],[42.0343,46.5433],[42.1809,46.5779],[42.4093,46.5249],[42.5968,46.4109],[42.7872,46.3894],[42.9118,46.435],[43.0802,46.3598],[43.3556,46.1724],[43.5594,46.1689],[43.646,46.2157],[43.7859,46.4075],[43.9184,46.416],[43.9277,46.521],[43.8171,46.5887],[43.9304,46.7227],[44.2624,46.9001],[44.3276,47.1108],[44.334,47.4752],[44.2284,47.5746],[44.1168,47.5335],[44.1096,47.4137],[43.9533,47.3649],[43.9392,47.2689],[43.8023,47.2825],[43.7992,47.3706],[43.7315,47.4766],[43.482,47.4837],[43.2625,47.4502],[43.0543,47.5728],[42.9553,47.5103],[42.785,47.7311],[42.7285,47.8541],[42.4919,48.0136],[42.3429,48.0448],[42.2825,48.0157],[42.0298,48.0285],[42.0964,48.1541],[42.051,48.23],[42.1465,48.2872],[42.0741,48.3919],[42.1652,48.464],[42.2765,48.498],[42.4416,48.5048],[42.6337,48.5516],[42.7011,48.6244],[42.6511,48.7046],[42.7397,48.7863],[42.6442,48.9769],[42.4106,49.0473],[42.3438,49.1521],[42.0952,49.1406],[42.0366,49.2674],[42.0923,49.2887],[42.0535,49.4023],[42.072,49.5018],[42.1784,49.6684],[42.1151,49.7503],[41.8761,49.9004],[41.6167,49.9622],[41.595,50.0454],[41.4924,50.0836],[41.3621,50.2263],[41.2884,50.1795],[41.3415,50.0753],[41.1785,50.0157],[41.0564,49.9162],[41.0293,49.7942],[40.8848,49.6903],[40.6123,49.6475],[40.411,49.5968],[40.1696,49.6241],[40.0806,49.5768]],[[45.706,44.9758],[45.8537,45.0005],[46.4337,44.9366],[46.6035,44.8853],[46.8914,44.746]],[[45.5094,44.0152],[45.7104,43.9551],[45.8029,43.9781],[46.0447,43.9336],[46.0164,43.8764],[46.2203,43.863],[46.2569,43.9483],[46.3493,43.9977],[46.4623,43.962],[46.4516,43.8871],[46.5859,43.8722],[46.585,43.7724],[46.4835,43.6721],[46.4385,43.541],[46.3376,43.4582],[46.3599,43.361],[46.423,43.3147],[46.4033,43.1138],[46.5335,42.9612],[46.4246,42.8766],[46.3358,42.904],[46.1232,42.8431],[46.1695,42.7297],[46.0954,42.7151],[45.9483,42.5751],[45.8211,42.4872],[45.7274,42.4744]],[[41.1624,45.9536],[41.1259,46.0679],[40.9996,46.1266],[40.9535,46.198],[40.7566,46.2325],[40.7346,46.2762],[40.3395,46.2799],[40.2336,46.3585],[40.2841,46.4035],[40.2144,46.5249],[40.0587,46.5424],[40.0447,46.6164],[40.1315,46.7223],[40.0234,46.7648],[39.8165,46.7846],[39.5775,46.7775],[39.4435,46.8089],[39.1804,46.6884],[39.099,46.6013],[38.8845,46.6348],[38.8492,46.7126],[38.883,46.808],[38.6905,46.8215],[38.6656,46.8798]],[[174.4542,61.822],[174.4685,61.9788],[174.3437,62.05],[174.1165,62.0738],[174.1122,62.1885],[174.0155,62.2693],[174.0934,62.3398],[174.0798,62.447],[173.8724,62.4405],[173.7976,62.5179],[173.5039,62.5341],[172.8525,62.3315],[172.705,62.4024],[172.4168,62.4315],[172.3188,62.404],[172.0547,62.4665],[171.4696,62.312],[171.2176,62.3685],[170.9006,62.2794],[170.382,62.3111],[170.2616,62.2854],[170.1594,62.3418],[170.0864,62.4919],[169.9861,62.545],[170.0099,62.6774],[169.8425,62.6553],[169.6569,62.7089],[169.5144,62.8135],[169.1267,62.9725],[168.9392,62.9438],[168.5102,63.0541],[168.5445,63.1265],[168.7956,63.3031],[169.0985,63.44],[169.2052,63.5157],[169.5092,63.5836],[169.5822,63.6434],[169.5494,63.811],[169.3644,63.8798],[169.3444,63.9499],[169.0793,63.9587],[168.8735,64.0207],[168.7779,64.1845],[168.6383,64.211],[168.4987,64.3174],[168.1981,64.3387],[168.0257,64.286],[167.8154,64.3508],[167.7141,64.3407],[167.4978,64.481],[167.4137,64.4817],[167.237,64.6237],[167.0003,64.5498],[166.8068,64.5329],[166.406,64.6007],[166.1986,64.609],[166.0345,64.5595],[165.743,64.6788],[165.684,64.754],[165.4814,64.7433],[165.3295,64.7755],[165.2627,64.8506],[165.0203,64.8367],[165.0037,64.6899],[164.882,64.6859],[164.7979,64.7716],[164.2164,64.9249],[163.8728,64.8654],[163.5203,64.9314],[163.3452,64.8185],[163.1369,64.7702],[163.1173,64.6933],[162.9969,64.6487],[162.7357,64.6612],[162.6077,64.7342],[162.2929,64.7424],[161.7845,64.8381],[161.6448,65.0131],[161.4174,65.0687],[161.2811,65.1407],[161.0099,65.1698],[160.6876,65.1491],[160.5366,65.162],[160.4183,65.2515],[160.1738,65.3761],[160.17,65.4505],[159.9971,65.5233],[159.8342,65.5285],[159.3766,65.6577],[158.9217,65.743],[158.9337,65.9026],[159.0524,66.048],[159.2029,66.1639],[159.1664,66.234],[158.7759,66.2838],[158.529,66.3594],[158.3675,66.4591],[158.4704,66.488],[158.6367,66.6191],[158.7158,66.7309],[158.9052,66.8027],[158.7026,67.0552],[158.2987,67.1477],[157.9585,67.2581],[157.7926,67.3579],[157.8762,67.4128],[157.692,67.5455],[157.8059,67.7055],[158.3292,67.7536],[158.2699,67.8234],[158.0933,67.8404],[158.2766,68.076],[158.6326,68.1416],[158.9339,68.1436],[159.111,68.1907],[159.6932,68.2387],[159.8501,68.2774],[160.997,68.301],[161.2255,68.3838],[161.4062,68.4118],[161.7107,68.3734],[162.1781,68.3546],[162.4176,68.3091],[162.5354,68.3628],[162.5809,68.5012],[162.7232,68.6052],[162.6064,68.7144],[162.5943,68.7956],[162.7553,68.8022],[162.8469,68.8693],[162.5541,68.9913],[162.5238,69.1178],[162.7742,69.2034],[162.5207,69.3247],[162.3154,69.5468],[162.4084,69.651]],[[163.1369,64.7702],[163.2461,64.7268],[163.1671,64.5594],[163.3446,64.4866],[163.4343,64.3731],[163.2559,64.3207],[163.1666,64.1901],[162.9422,64.1996],[162.7942,64.148],[162.8414,64.0165],[162.9288,63.9504],[162.8877,63.877],[162.7259,63.8365],[162.7549,63.7385],[162.9792,63.621],[162.957,63.4911],[162.8842,63.4364],[162.6946,63.393],[162.7439,63.1815],[162.3799,63.1189],[162.2693,62.935],[162.5475,62.8447],[162.6727,62.7105],[162.8187,62.6971],[162.7088,62.6015],[162.7679,62.5031],[162.7361,62.2974],[162.6643,62.2616],[162.404,62.2528],[162.2654,62.1286],[162.512,62.1034],[162.48,61.9632],[162.3112,61.9342],[162.4677,61.8205],[162.4308,61.7643],[162.5019,61.6698]],[[158.529,66.3594],[158.3927,66.2546],[158.4849,66.1175],[158.1241,66.1558],[157.7176,66.112],[157.3822,66.0],[157.3732,65.9256],[157.1244,65.9151],[156.9266,65.9654],[156.9731,66.0325],[156.7619,66.1046],[156.6592,66.1931],[156.4882,66.1461],[156.3603,66.0668],[155.9583,66.0963],[155.7522,66.1769],[155.3199,66.1419],[155.17,66.209],[154.8853,66.1336],[154.8024,66.185],[154.548,66.2378],[154.3953,66.2046],[154.2205,66.0689],[154.3594,66.0334],[154.3743,65.9209],[154.2496,65.83],[154.0408,65.8686],[153.6975,65.8856],[153.5053,65.842],[153.4538,65.7878],[153.5313,65.7056],[153.4009,65.5043],[153.5213,65.408],[153.0318,65.2747],[152.6882,65.2334],[152.6204,65.169],[152.6448,65.0223],[152.5022,64.9454],[152.7482,64.6859],[152.3313,64.5101],[152.4138,64.4068],[152.1688,64.3553],[152.136,64.4405],[152.0158,64.5037],[151.48,64.4356],[151.301,64.3608],[151.1234,64.3713],[150.9661,64.3317],[150.631,64.3311],[150.6334,64.1706],[150.2243,64.2131],[150.0241,64.37],[150.0683,64.5017],[149.8164,64.5673],[149.5899,64.5251],[149.402,64.4374],[149.2697,64.4457],[148.6305,64.4187],[148.4363,64.5241],[148.291,64.5494],[148.1613,64.4578],[148.0226,64.431],[148.0007,64.3627],[148.2535,64.2553],[148.1149,64.0509],[147.9551,63.9443],[147.6026,64.0466],[147.6095,64.1703],[147.3072,64.1323],[147.23,64.0563],[146.9964,64.147],[146.4987,64.2088],[146.3765,64.1968],[146.2915,64.061],[146.1087,63.9416],[145.5723,63.8361],[145.6331,63.6603],[145.4446,63.5152],[145.3636,63.3308],[145.2521,63.1796],[145.366,62.9103],[145.3261,62.7544],[145.4798,62.548],[145.1243,62.4899],[145.1746,62.428],[145.1769,62.2858],[144.9935,62.2439],[144.9032,62.1602],[144.7186,62.0817],[144.7451,62.0469],[144.5855,61.9775],[144.5403,61.8559],[144.245,61.7601],[144.002,61.7265],[143.927,61.7663],[143.9541,61.9568],[143.5709,61.9479],[143.6199,62.0162],[143.3623,62.0241],[143.1265,62.1011],[143.0845,62.0184],[142.9278,61.9008],[142.8256,61.9493],[142.6532,61.9616],[142.4375,61.8697],[142.2904,61.9633],[142.1869,62.081],[142.008,62.0269],[141.8376,62.0412],[141.5448,62.1786],[141.3021,62.4312],[141.0673,62.4174],[141.0551,62.482],[140.8811,62.4987],[140.7047,62.5727],[140.6352,62.4253],[140.4039,62.4217],[140.2944,62.2742],[140.2996,62.1194],[140.2564,62.0383],[140.114,61.9705],[139.9883,61.972],[139.9189,61.8019],[139.6672,61.6409],[139.5482,61.4817],[139.4346,61.4911],[139.2473,61.433],[139.1201,61.4494],[138.9407,61.3211],[138.719,61.3371],[138.6508,61.2819],[138.703,61.1931],[138.3833,61.0995],[138.3458,61.0001],[138.2053,60.9518],[138.1856,60.895],[138.2843,60.7816],[138.4289,60.7023],[138.4044,60.6114],[138.2428,60.4927],[138.3266,60.4063],[138.3152,60.3181],[138.2005,60.2313],[138.2626,59.9383],[138.1737,59.8367],[138.253,59.7125],[138.1737,59.6798],[138.0444,59.7406],[137.8334,59.7608],[137.6157,59.7398],[137.4583,59.6473],[137.4555,59.5511],[137.349,59.5486],[137.1825,59.4456],[136.8359,59.398],[136.7587,59.3546],[136.0534,59.438],[135.791,59.5343],[135.6189,59.4955],[135.4217,59.3869],[135.2602,59.2201],[135.2091,59.1223],[134.7517,59.1526],[134.7249,59.2113],[134.5547,59.181],[134.2186,59.2087],[134.0465,59.256],[133.7666,59.2227],[133.6252,59.2321],[133.5433,59.2939],[133.3842,59.2402],[133.1258,59.2044],[132.8617,59.0645],[132.8707,58.9869],[132.8079,58.8802],[132.5993,58.891],[132.5642,58.6399],[132.3719,58.5239],[132.1286,58.4894],[132.2068,58.35],[132.196,58.2484],[132.0172,58.1904],[132.0393,58.0196],[131.7048,58.1739],[131.4769,58.1675],[131.6104,57.9954],[131.806,57.9055],[131.7568,57.8531],[131.888,57.8086],[132.0348,57.6909],[131.9747,57.5858],[131.6931,57.5605],[131.7294,57.5003],[131.6173,57.4526],[131.5652,57.3646],[131.5986,57.2958],[131.5086,57.2511],[131.1833,57.2355],[131.1793,57.1373],[131.4743,57.0792],[131.4448,57.0358],[131.7511,56.8429],[131.7972,56.7174],[131.6758,56.6484],[131.6698,56.5496],[131.5025,56.5499],[131.3938,56.4791],[131.1844,56.4679],[131.0877,56.3452],[131.0926,56.2059],[130.9636,56.1286],[130.9242,55.9418],[130.8617,55.8889],[130.9317,55.7489],[130.923,55.6786],[130.7415,55.7191],[129.9947,55.6931],[129.8923,55.7344],[129.653,55.745],[129.4437,55.6998],[129.047,55.6542],[129.0888,55.5334],[128.9749,55.4663],[128.7721,55.4691],[128.6635,55.5208],[128.5016,55.5156],[128.2902,55.648],[127.7939,55.6292],[127.6746,55.6832],[127.5726,55.5799],[127.4869,55.555],[127.3296,55.6557],[127.1876,55.6908],[126.9535,55.6872],[126.8427,55.6059],[126.5507,55.6334],[126.4342,55.555],[126.2338,55.5906],[126.0473,55.5888],[126.0391,55.7278],[125.7576,55.7964],[125.5463,55.7358],[125.4373,55.8374],[125.2477,55.8796],[124.9577,55.8262],[124.6352,55.9018],[124.448,55.9046],[124.3604,56.0567],[124.243,56.0809],[124.2056,56.1651],[124.0605,56.2313],[123.9154,56.3773],[123.4527,56.4063],[123.1323,56.4574],[122.9185,56.5507],[122.7814,56.4978],[122.5892,56.4896],[122.4667,56.6019],[122.2828,56.6507],[122.1596,56.7384],[121.6083,56.7412],[121.6021,56.8127],[121.5115,56.9223],[121.4069,56.9755],[121.0532,56.9896],[121.0191,57.0312],[120.6555,57.0321],[120.3028,57.0041],[120.0308,56.899],[119.8984,56.8894],[119.6695,56.7707],[119.7868,56.6999],[119.8087,56.6122],[119.9604,56.4931],[120.2566,56.4592],[120.2757,56.3862],[120.5326,56.2846],[120.5268,56.2317],[120.3438,56.2197],[120.0616,56.1382],[120.0553,56.0781],[120.2597,55.9164],[120.4664,55.8715],[120.532,55.9143],[120.986,56.0201],[121.2169,56.0132],[121.2762,55.8668],[121.3465,55.8135],[121.3067,55.7425],[121.3634,55.5074],[121.4391,55.4811],[121.6337,55.5348],[121.6935,55.6001],[121.8832,55.6056],[121.9836,55.4764],[121.9393,55.2141],[121.9503,55.0075],[121.6666,54.8215],[121.6591,54.7277],[121.8259,54.7839],[121.9219,54.7329],[121.8949,54.646],[121.9355,54.5663],[122.1274,54.4678],[122.1147,54.4067],[121.9018,54.3691],[121.8659,54.4195],[121.7313,54.4256],[121.6548,54.3555],[121.7526,54.2717],[121.7535,54.1516],[121.6412,54.1129],[121.6431,54.0121],[121.7829,53.9725],[121.9194,53.8314],[121.947,53.6047],[122.0179,53.5205],[122.0243,53.4388]],[[36.5242,63.9765],[36.5547,63.764],[36.375,63.645],[35.9446,63.6197],[35.8823,63.5734],[36.058,63.4601],[36.2198,63.4165],[36.262,63.2355],[36.3202,63.1613],[36.2589,63.0318],[36.5005,62.826],[36.7595,62.7177],[37.0808,62.6561],[37.3523,62.6838],[37.5049,62.6453],[37.5875,62.4727],[37.5726,62.3606],[37.4299,62.2372],[37.7188,62.2034],[37.8077,61.9976],[37.9266,61.9683],[37.8573,61.6977],[37.762,61.6482],[37.7729,61.5221],[37.2783,61.5005],[36.9964,61.5944],[36.8734,61.5449],[36.5776,61.5295],[36.4668,61.4066],[35.6039,61.1883],[35.3922,61.1617],[35.258,61.2542],[34.8222,61.2783],[34.7405,61.32],[34.5439,61.2701],[34.4573,61.1678],[34.2161,61.2419],[33.5349,61.2208],[33.4515,61.1337],[33.585,61.0713],[33.6963,61.1217],[33.8671,61.0705],[33.7523,60.9437],[33.4064,60.9893],[33.4226,60.936],[33.2534,60.8988],[33.078,60.7379],[32.91,60.7244],[32.7034,60.6457],[29.8695,61.1763],[29.5764,61.1707],[29.4913,61.2392],[29.2774,61.3045]],[[37.7729,61.5221],[37.8574,61.2846],[37.9632,61.1602],[38.1663,61.1331],[38.213,60.924],[38.4185,60.874],[38.4301,60.8047],[38.5742,60.7991],[38.6327,60.7232],[38.7895,60.7128],[38.9477,60.8027],[39.0682,60.7141],[39.3382,60.684],[39.6482,60.746],[39.764,60.7369],[39.9235,60.6519],[40.5344,60.7246],[40.7567,60.7737],[40.8191,60.711],[41.0593,60.6497],[41.3399,60.676],[41.4121,60.7912],[41.3941,60.858],[41.5185,60.8992],[41.8009,60.899],[42.0239,60.8358],[42.3948,60.7694],[42.6505,60.8631],[42.8231,60.8553],[43.0488,60.7402],[43.1499,60.806],[43.5109,60.7675],[43.5361,60.8531],[43.7154,60.8845],[43.776,61.0208],[44.1585,61.0824],[44.2058,60.9718],[45.2291,60.9039],[45.3324,61.1893],[45.7227,61.1794],[45.7918,61.1545],[45.7666,61.0546],[45.8782,61.0163],[46.2851,60.9678],[46.5271,61.0513],[46.7365,60.9861],[46.7533,60.9071],[47.0429,60.8538],[47.1037,60.9561],[47.2448,61.0562],[47.5685,61.0591],[47.9655,60.9994],[47.9842,60.8965],[48.419,60.8538],[48.4465,60.9841],[48.5093,61.0477],[48.8887,61.1412],[49.0979,61.175],[49.3022,61.1762],[49.4614,61.5861],[49.4173,61.6183],[49.0968,61.6581],[49.0516,61.691],[49.2127,62.0911],[49.3694,62.1494],[49.609,62.7702],[48.8751,62.8291],[48.7145,62.8155],[48.6286,62.7058],[48.3661,62.7293],[48.2368,62.473],[48.2908,62.3216],[47.7511,62.3218],[47.6498,62.2967],[47.621,62.1855],[47.4134,62.1928],[47.3863,62.3204],[47.2349,62.3515],[47.2377,62.6357],[47.0826,62.8396],[47.3995,62.9548],[47.5158,63.0368],[47.5546,63.1485],[47.366,63.1672],[47.0909,63.2465],[46.9366,63.3519],[47.0262,63.5306],[46.9696,63.6401],[46.8192,63.747],[46.4357,63.8877],[46.1099,63.9458],[45.8836,63.9643],[45.593,64.0639],[45.4422,64.1875],[45.8245,64.2836],[46.3229,64.2647],[46.6114,64.3266],[48.1158,64.3481],[48.1962,64.2389],[48.4083,64.2242],[48.5183,64.3555],[48.8402,64.3573],[48.95,64.4906],[49.4501,64.463],[49.6267,64.5917],[50.2733,64.5129],[50.3484,64.5377],[50.4674,64.7916],[50.1598,64.8473],[50.063,64.8902],[49.6632,65.2546],[49.5674,65.2921],[49.0213,65.2383],[48.9894,65.2685],[49.006,66.1191],[48.1563,66.1303],[47.7532,65.9407],[47.7637,65.8608],[47.6608,65.8081],[47.4073,65.8359],[47.1104,65.8212],[46.3475,66.028],[45.8317,66.0882],[45.7413,66.0679],[44.5785,66.3073],[44.4764,66.3701],[44.2208,66.4072]],[[35.6039,61.1883],[35.686,61.1209],[35.4893,60.9595],[35.4399,60.8616],[35.2809,60.85],[35.1541,60.7873],[35.2586,60.5853],[35.2311,60.3412],[35.1474,60.2688],[35.1571,60.067],[35.2379,59.9855],[35.4037,59.9743],[35.3825,59.8754],[35.4236,59.7011],[35.4971,59.6474],[35.4958,59.5535],[35.3237,59.5067],[35.4485,59.4277],[35.3012,59.301],[35.1347,59.2544],[34.9005,59.2379],[34.7299,59.1032],[34.8785,59.0434],[34.8315,58.991],[35.1308,58.9373],[35.1246,58.815],[35.2657,58.7648],[35.3985,58.8435],[35.7512,58.8265],[35.8361,58.7447],[36.1263,58.6955],[36.1733,58.525],[35.9414,58.4553],[35.9349,58.4233],[35.5517,58.448],[35.3945,58.4315],[35.2792,58.3589],[35.2691,58.2713],[35.0348,58.1995],[34.7856,58.2418],[34.6844,58.1973],[34.6507,58.0815],[34.4885,58.1464],[34.1417,58.208],[33.8695,58.1442],[33.7188,58.158],[33.545,58.0472],[33.686,58.0026],[33.7012,57.9267],[33.5805,57.8577],[33.5368,57.7197],[33.3249,57.6546],[33.3087,57.5655],[33.2162,57.4539],[33.0461,57.4371],[32.8073,57.46],[32.6681,57.3462],[32.2721,57.1952],[32.1327,57.1837],[31.9668,57.1168],[31.7221,57.1057],[31.6783,57.0133],[31.5456,56.9398],[31.307,56.9688],[31.1175,56.931],[31.0001,56.9652],[30.7997,56.9532],[30.6448,56.9819],[30.6468,57.1908],[30.7731,57.2577],[30.5156,57.3181],[30.4928,57.4876],[30.6088,57.6174],[30.4721,57.6822],[30.5197,57.7418],[30.53,57.8866],[30.1677,57.9116],[29.9505,57.944],[29.8203,58.0835],[29.6794,58.0773],[29.6585,58.2436],[29.975,58.4447],[30.1672,58.5331],[30.0882,58.6405],[30.1006,58.7296],[30.2798,58.7543],[30.4125,58.7109],[30.6874,58.7458],[30.728,58.8286],[30.962,58.9752],[30.9814,59.0596],[31.1598,59.0725],[31.2579,58.9808],[31.4525,59.092],[31.5631,59.3684],[31.8267,59.3145],[31.8821,59.3755],[32.1241,59.3943],[32.2915,59.2072],[32.584,59.1805],[32.7063,59.1419],[32.7323,59.2675],[32.9548,59.4218],[33.2457,59.3263],[33.3682,59.3797],[33.5203,59.373],[33.7161,59.3021],[33.855,59.1984],[34.0998,59.1447],[34.2475,59.1976],[34.5677,59.1081],[34.7299,59.1032]],[[36.1733,58.525],[36.3236,58.4998],[36.5206,58.5585],[36.6686,58.6853],[36.8156,58.7582],[36.8642,58.8428],[37.1222,58.866],[37.1875,58.7709],[37.6263,58.4902],[37.7166,58.6217],[37.9409,58.6413],[38.0476,58.7357],[38.4782,58.706],[38.55,58.7772],[38.9159,58.7444],[38.9999,58.8463],[38.9403,58.9443],[39.1188,58.9538],[39.4995,58.8889],[39.6195,58.8945],[39.969,58.7595],[40.1608,58.5586],[40.2928,58.5442],[40.5651,58.5905],[40.926,58.5791],[41.2176,58.7401],[41.1459,58.785],[41.2454,58.9023],[41.5219,59.0369],[41.687,59.0799],[42.0119,59.1183],[42.0899,59.2297],[41.959,59.2777],[42.0581,59.427],[42.1876,59.3908],[42.197,59.3035],[42.6315,59.3082],[42.6714,59.2284],[42.7996,59.1704],[43.0257,59.2078],[43.1506,59.2614],[43.2941,59.2181],[43.3709,59.2804],[43.498,59.2943],[43.5817,59.1885],[43.7418,59.2595],[43.9602,59.2055],[44.1035,59.2298],[44.207,59.1717],[44.9911,59.1216],[45.0911,59.1842],[45.3662,59.1985],[45.9183,59.1844],[46.0036,59.2821],[46.1823,59.3452],[46.3563,59.347],[46.4064,59.6325],[46.757,59.6069],[46.875,59.6325],[47.1135,59.6113],[47.1126,59.7527],[46.9349,59.7891],[46.9226,59.8439],[47.0364,60.0995],[46.6085,60.0673],[46.4041,60.1068],[46.3491,60.2144],[46.4408,60.2714],[46.7495,60.2611],[46.8071,60.3183],[46.8625,60.5073],[47.0488,60.5752],[46.9591,60.6602],[47.0838,60.8186],[47.0429,60.8538]],[[31.0001,56.9652],[30.8963,56.8967],[30.8901,56.8077],[30.8168,56.7203],[30.9131,56.6564],[31.0801,56.6228],[31.0166,56.5191],[31.2154,56.4354],[31.2311,56.3462],[31.4915,56.3013],[31.4745,56.1191],[31.4975,56.0289],[31.3447,55.964],[31.4128,55.8898],[31.4674,55.729],[31.1869,55.7372],[31.0473,55.7685],[30.9031,55.574]],[[29.975,58.4447],[29.7858,58.4403],[29.5387,58.4799],[29.4491,58.5945],[29.2315,58.7062],[28.9748,58.7799],[28.9465,58.8198],[28.7566,58.827],[28.5517,58.8651],[28.2718,58.8565],[28.131,58.9901],[27.8732,59.0144],[27.6694,58.9825]],[[31.4674,55.729],[31.5856,55.7466],[31.7549,55.7144],[31.8936,55.7705],[32.0937,55.6741],[32.7218,55.6897],[32.9393,55.6318],[33.1879,55.6525],[33.2255,55.6984],[33.3722,55.7026],[33.5053,55.7552],[33.67,55.8653],[33.66,55.9462],[33.8381,55.9495],[33.9166,56.0731],[34.2007,56.0745],[34.6309,55.9179],[35.0315,55.9844],[35.1741,55.9483],[35.3535,55.7794],[35.3161,55.7269],[35.3971,55.6171],[35.3031,55.5712],[35.3012,55.2991],[35.3697,55.2388],[35.2845,55.1121],[35.144,55.0217],[35.0019,54.8867],[34.8658,54.8838],[34.921,54.7716],[34.8173,54.7094],[34.4996,54.632],[34.4158,54.4508],[34.3261,54.4296],[34.1075,54.5503],[33.9268,54.5723],[33.7287,54.5617],[33.6427,54.4855],[33.6167,54.381],[33.6837,54.3213],[33.562,54.1562],[33.4746,53.9718],[33.2874,53.9539],[33.289,53.8217],[32.899,53.5687],[32.9081,53.4935],[32.7062,53.4199]],[[29.6697,59.9557],[29.6796,59.8689],[29.85,59.8276],[30.1134,59.6631],[30.2594,59.6099],[30.5025,59.6307],[30.5556,59.6859],[30.7477,59.7257],[30.7562,59.7775],[30.5117,59.8624],[30.5273,59.9703],[30.3737,60.0362],[30.3904,60.1227],[30.1791,60.148],[29.633,60.266],[29.4592,60.1875]],[[33.5012,54.0158],[33.6823,54.0264],[33.7802,53.9815],[33.8598,53.8787],[34.0311,53.8617],[34.1992,53.8916],[34.3846,53.7185],[34.4895,53.6665],[34.4882,53.5441],[34.5824,53.4276],[34.6726,53.3901],[35.0174,53.3808],[35.1035,53.3108],[35.1223,53.1863],[35.1821,53.1016],[35.3139,53.0656],[35.1565,52.9695],[34.967,52.9703],[34.8049,52.8682],[34.8692,52.7836],[34.9481,52.7834],[35.0915,52.698],[35.0106,52.6142],[34.9896,52.5105],[34.8329,52.424],[34.9172,52.3218],[34.8046,52.1851],[34.7151,52.2163],[34.6723,52.0655],[34.5307,52.0704],[34.4065,52.0127],[34.3978,51.7804]],[[35.1035,53.3108],[35.2051,53.2721],[35.3557,53.2842],[35.4221,53.4043],[35.6371,53.5432],[35.7658,53.5191],[35.9106,53.644],[36.0096,53.6183],[35.9315,53.7861],[35.9887,53.9163],[36.1113,53.961],[36.2007,54.0982],[36.2372,54.2291],[36.3538,54.2233],[36.4615,54.2882],[36.7145,54.3171],[36.8914,54.2832],[36.9654,54.3957],[36.8484,54.4722],[36.805,54.6099],[37.0886,54.5488],[37.2076,54.6877],[37.259,54.8358],[37.12,54.9908],[37.0842,55.0958],[36.9043,55.2291],[36.5863,55.3087],[36.4229,55.3187],[36.238,55.1937],[35.8564,55.2385],[35.755,55.2869],[35.5786,55.2905],[35.4654,55.2204],[35.3697,55.2388]],[[34.8968,52.3532],[35.1237,52.3346],[35.2413,52.3896],[35.3963,52.414],[35.5717,52.3874],[35.637,52.3323],[35.8926,52.2745],[36.0009,52.3134],[36.1458,52.3187],[36.357,52.3658],[36.5523,52.2153],[36.7294,52.1762],[36.8202,52.1203],[37.1583,52.072],[37.3535,51.9362],[37.4807,52.0095],[37.6518,51.9711],[37.7471,52.0169],[37.8208,51.9122],[37.997,51.879],[38.1015,51.927],[38.1921,51.9122],[38.2988,51.961],[38.4098,51.9202],[38.4098,51.6878],[38.2195,51.7078],[38.2073,51.629],[38.2764,51.5264],[38.3234,51.3408],[38.2915,51.2925],[38.0273,51.3662],[38.0465,51.4197],[37.8286,51.4205],[37.6667,51.3657],[37.5386,51.3943],[37.3791,51.3854],[37.2491,51.331],[37.1442,51.3429],[37.054,51.2469],[36.9302,51.181],[36.8558,51.1858],[36.6175,51.0798],[36.3136,51.1033],[35.9763,51.1575],[35.9996,51.0577],[35.8769,51.0124],[35.817,50.9447],[35.5464,50.9057],[35.5124,50.9471],[35.3133,50.9592]],[[35.1741,55.9483],[35.2098,56.0188],[35.3172,56.054],[35.3786,56.1739],[35.4837,56.2416],[35.548,56.3707],[35.4579,56.4483],[35.6451,56.4741],[35.7829,56.392],[35.9825,56.3872],[36.0961,56.3468],[36.1725,56.4084],[36.537,56.4754],[36.8329,56.5832],[37.0554,56.5176],[37.1349,56.5603],[37.157,56.6832],[37.231,56.7729],[37.4989,56.7848],[37.5534,56.9056],[37.6564,56.9435],[37.9744,56.8538],[38.0147,56.7736],[38.2565,56.7702],[38.1542,56.8319],[38.1992,56.8942],[38.2498,57.1288],[38.1429,57.197],[38.3064,57.2763],[38.2705,57.3711],[38.1483,57.3373],[37.9842,57.3592],[37.7943,57.4426],[37.81,57.608],[37.3909,57.828],[37.3665,57.9771],[37.4844,57.9808],[37.5487,58.0528],[37.6735,58.083],[37.5621,58.1653],[37.3497,58.239],[37.4491,58.4075],[37.644,58.4294],[37.6263,58.4902]],[[49.006,66.1191],[51.5102,66.7833],[51.4946,66.9074],[51.8107,66.9542],[51.8357,66.9954],[52.2455,67.0891],[53.7725,66.9985],[59.9177,67.0016],[60.082,66.9899],[61.4317,66.9997],[61.6948,67.03],[61.8505,67.1261],[62.8213,67.388],[62.8712,67.5796],[63.1605,67.6909],[63.4453,67.771],[63.6897,67.7621],[63.9442,67.8837],[63.829,68.0172],[64.3248,68.1341],[64.5303,68.2001],[64.5228,68.3438],[64.7451,68.4045],[65.4805,68.4304],[65.6543,68.5562],[65.5167,68.5884],[65.3264,68.73],[65.3149,68.8033],[65.0645,68.814],[64.9043,68.8714],[64.5541,68.8714],[64.5451,69.0322],[64.99,69.2047],[65.0362,69.2687]],[[48.419,60.8538],[48.5384,60.5644],[48.5186,60.4765],[48.7547,60.3612],[48.4972,60.2183],[48.4561,60.1153],[48.4926,59.9887],[48.5076,59.7151],[48.562,59.6994],[49.0726,59.6596],[49.0388,59.5005],[49.1514,59.5055],[49.3631,59.4158],[49.5249,59.3975],[49.5273,59.2351],[49.6637,59.2084],[49.7949,59.2331],[49.834,59.6381],[50.0404,59.6819],[49.9986,59.7768],[50.2117,59.7541],[50.3864,59.8395],[50.8301,59.8708],[51.0754,60.0607],[51.3072,60.028],[51.4211,59.9434],[51.5213,59.9462],[51.8022,60.1152],[51.9004,60.2442],[52.0609,60.3169],[52.2978,60.2416],[52.3239,60.4321],[52.1385,60.4728],[52.1338,60.5468],[51.7742,60.6056],[51.8898,60.8758],[52.3548,60.8439],[52.4423,60.9796],[52.7898,60.9489],[52.8765,61.0938],[53.3487,61.0373],[53.354,60.8934],[53.7911,60.8478],[53.8535,60.9802],[54.9795,60.8638],[55.0621,61.009],[55.2137,61.019],[55.3156,61.123],[55.6902,61.0862],[55.8411,61.2496],[56.2574,61.2063],[56.3908,61.4202],[56.5449,61.4351],[56.7024,61.5248],[57.086,61.488],[57.2044,61.5109],[58.6915,61.5027],[59.0233,61.5524],[59.1139,61.6152],[59.3487,61.6822],[59.3889,61.7442],[59.3451,61.8566],[59.4854,61.9933]],[[43.7274,57.4658],[43.6888,57.2792],[43.5386,57.2618],[43.5143,57.1176],[43.6696,57.0427],[43.5013,56.9064],[43.339,56.8607],[42.9776,56.8418],[42.83,56.8023],[42.7866,56.669],[42.9023,56.6462],[42.8454,56.5522],[42.8819,56.4716],[42.648,56.4806],[42.5879,56.4202],[42.4693,56.4212],[42.2886,56.4713],[42.0664,56.3684],[41.9577,56.3906],[41.9339,56.5168],[41.0528,56.4751],[40.9337,56.5018],[40.7147,56.5985],[40.4908,56.5838],[40.1559,56.4343],[39.9426,56.5299],[39.8785,56.6461],[39.8588,56.7796],[39.6794,56.8218],[39.4172,56.7721],[39.3868,56.8354],[39.5273,56.9558],[39.5202,57.0269],[39.844,57.1289],[39.8417,57.1768],[40.0639,57.2194],[40.1925,57.2128],[40.3271,57.2934],[40.4452,57.2763],[40.5707,57.3164],[41.0729,57.3475],[41.1697,57.4352],[41.2699,57.4263],[41.4344,57.472],[41.5441,57.4586],[41.6044,57.5242],[41.5672,57.7042],[41.63,57.7499],[41.886,57.6856],[42.0259,57.589],[42.1862,57.5598],[42.3364,57.5787],[42.404,57.6326],[42.6497,57.6352],[42.7262,57.7017],[42.851,57.6671],[42.8533,57.3943],[42.9731,57.3875],[43.2635,57.4243],[43.3123,57.5171],[43.5424,57.5669],[43.7274,57.4658],[43.8457,57.4309],[43.9954,57.4395],[44.3032,57.517],[44.4832,57.6457],[44.6123,57.7067],[44.7277,57.7036],[44.8646,57.8798],[44.7927,57.955],[44.8626,58.0754],[45.155,58.0798],[45.2944,58.0406],[45.4621,58.0353],[45.5565,57.9385],[45.7061,57.9736],[45.8172,58.0471],[46.3413,58.0746],[46.4069,58.2087],[46.4237,58.3469],[46.541,58.3973],[46.5541,58.4877],[46.6873,58.5669],[46.9472,58.6066],[47.1199,58.775],[47.2596,58.7563],[47.3129,58.8069],[47.2819,58.893],[47.4524,58.9211],[47.6022,58.9067],[47.5709,59.0599],[47.2392,59.2202],[47.2524,59.3555],[47.0563,59.3785],[47.1135,59.6113]],[[42.5879,56.4202],[42.7608,56.3061],[42.7547,56.2201],[42.9059,56.1518],[42.6862,56.1221],[42.6941,56.0028],[42.565,55.9691],[42.4864,55.8519],[42.3803,55.7768],[42.281,55.77],[42.0557,55.6129],[42.0684,55.4813],[42.117,55.4217],[41.933,55.3299],[41.8587,55.2409],[41.8702,55.1576],[41.7832,55.1191],[41.8864,55.0592],[42.1667,54.949],[42.4397,55.013],[42.4668,54.8713],[42.6364,54.7867],[43.0977,54.7988],[43.1552,54.9027],[43.369,54.9497],[43.6105,54.9011],[43.6895,54.8306],[43.9491,54.807],[43.9391,54.7419],[44.0914,54.7337],[44.1072,54.6458],[44.3764,54.5898],[44.5398,54.5304],[44.5974,54.5796],[44.7395,54.5157],[44.9172,54.4762],[45.1136,54.4939],[45.0294,54.5681],[45.0914,54.6589],[45.0411,54.7144],[45.1241,54.7962],[45.2086,54.7572],[45.2662,54.8728],[45.4244,54.8818],[45.4391,55.0332],[45.6047,55.1638],[45.7103,55.1768],[45.7404,55.0773],[45.8153,54.9997],[45.9541,54.9966],[46.0557,55.0421],[46.0979,55.2042],[46.2286,55.2733],[46.2535,55.3854],[46.3841,55.4631],[46.2438,55.5237],[46.1397,55.5238],[46.0485,55.6167],[45.9201,55.688],[46.0938,55.808],[46.0988,55.9408],[46.214,56.0498],[46.0922,56.0564],[46.0677,56.1819],[45.8738,56.2588],[45.9461,56.325],[45.949,56.4332],[45.7887,56.4248],[45.6627,56.4609],[45.651,56.5908],[45.8589,56.6291],[45.9586,56.8721],[46.3127,56.907],[46.336,56.9521],[46.601,56.92],[46.7149,56.9663],[46.7626,57.0302],[46.7422,57.2046],[46.7898,57.2813],[46.6952,57.3205],[46.7501,57.5173],[47.0542,57.4983],[47.2487,57.5673],[47.471,57.5285],[47.5212,57.5861],[47.5721,57.8104],[47.7623,57.876],[47.7031,57.9584],[47.4515,57.9874],[47.3542,58.0255],[46.4299,58.0205],[46.3413,58.0746]],[[39.4172,56.7721],[39.3098,56.6844],[39.3374,56.6094],[39.2716,56.5383],[39.1211,56.5937],[39.0,56.5428],[38.8474,56.5976],[38.6292,56.581],[38.3741,56.6966],[38.2565,56.7702]],[[40.4452,57.2763],[40.448,57.441],[40.3852,57.4976],[40.4991,57.5803],[40.6634,57.581],[40.6226,57.6549],[40.6264,57.9404],[40.744,58.0515],[40.8847,58.1255],[40.8888,58.1982],[41.1639,58.3609],[41.0645,58.4105],[41.0342,58.5221],[40.926,58.5791]],[[46.7149,56.9663],[46.8229,56.9304],[46.9507,56.9446],[47.161,56.9012],[47.1741,56.8141],[47.509,56.8934],[47.7699,57.0601],[47.9098,56.9826],[48.2023,57.0281],[48.293,57.1633],[48.4514,57.1283],[48.5694,57.1724],[48.8223,57.1635],[48.9606,57.0893],[49.0392,57.2225],[49.0348,57.2882],[49.213,57.2915],[49.1497,57.1502],[49.285,57.0391],[49.4109,57.0254],[49.5291,57.0726],[49.6998,57.0734],[49.7418,56.8995],[50.0169,56.8637],[50.1013,56.7924],[50.072,56.6227],[50.3496,56.6695],[50.4974,56.511],[50.5861,56.3665],[50.7056,56.3299],[50.8512,56.3903],[50.9078,56.296],[50.8372,56.2484],[51.0731,56.1305],[51.2244,56.0999],[51.4365,56.1444],[51.4204,56.2836],[51.3199,56.3291],[51.2728,56.4399],[51.1453,56.5147],[51.2057,56.6703],[51.3786,56.6799],[51.4003,56.7671],[51.5405,56.883],[51.3589,56.9273],[51.2275,57.0675],[51.1933,57.2028],[51.1204,57.2655],[51.1814,57.4466],[51.3972,57.4781],[51.6009,57.457],[51.6401,57.5444],[51.7481,57.5462],[51.8621,57.6473],[51.9239,57.8169],[51.8518,57.8425],[51.8846,57.9864],[51.7933,58.043],[51.7665,58.1415],[51.6735,58.1661],[51.7915,58.2811],[51.7961,58.3613],[51.971,58.4641],[52.1672,58.4896],[52.3287,58.4503],[52.8701,58.4106],[52.9213,58.5343],[53.13,58.5371],[53.1651,58.4562],[53.3395,58.3886],[53.4984,58.4503],[53.7846,58.4399],[53.7047,58.595],[53.7501,58.6968],[53.922,58.7828],[53.8213,58.8211],[53.7265,58.9168],[53.7666,59.0215],[53.8765,59.0928],[53.4337,59.1438],[53.3346,59.1852],[53.2058,59.364],[53.3543,59.5008],[53.4184,59.6785],[53.5921,59.7085],[53.6576,59.8244],[53.7065,60.0012],[53.6076,60.1427],[53.4572,60.2048],[53.3581,60.1665],[52.4538,60.2005],[52.2978,60.2416]],[[46.214,56.0498],[46.4024,56.1192],[46.658,56.1195],[47.0557,56.2877],[47.2766,56.3352],[47.3847,56.3301],[47.4367,56.1885],[47.5293,56.1543],[47.8289,56.1454],[47.9051,56.1138],[48.024,55.9366],[48.285,55.8459],[48.4124,55.8294],[48.401,55.8878],[48.6941,55.9646],[48.6901,56.0677],[48.8347,56.0717],[49.0157,56.2327],[49.037,56.3579],[49.2759,56.3532],[49.5579,56.4415],[49.5777,56.5047],[49.7645,56.5359],[49.885,56.4418],[50.0246,56.4596],[50.1799,56.5495],[50.072,56.6227]],[[46.0557,55.0421],[46.4147,54.8954],[46.4441,54.6879],[46.5156,54.6534],[46.5333,54.5526],[46.4818,54.4993],[46.5431,54.4063],[46.7337,54.3845],[46.719,54.3296],[46.4881,54.2844],[46.3794,54.2305],[46.0183,54.1894],[45.8791,54.0313],[45.6462,53.9302],[45.3393,53.8849],[45.1762,53.9788],[44.8828,53.9691],[44.6165,53.8915],[44.6147,53.8313],[44.7295,53.6997],[44.5339,53.6643],[44.4275,53.7234],[44.3136,53.7012],[44.2062,53.7603],[44.0994,53.7356],[43.8769,53.8097],[43.933,53.8618],[43.7518,53.9632],[43.5278,54.0146],[43.4251,53.9885],[43.3095,54.017],[43.1816,54.0011],[43.1063,53.9092],[43.1704,53.8392],[42.9398,53.8011],[42.6309,53.8076],[42.513,53.7372],[42.3077,53.8475],[42.4374,54.0118],[42.3186,54.0989],[42.5347,54.0827],[42.596,54.1765],[42.4628,54.2539],[42.2728,54.1715],[42.2063,54.2305],[42.3808,54.2639],[42.5272,54.3666],[42.6252,54.3734],[42.5566,54.4922],[42.6993,54.5824],[42.5238,54.7225],[42.4193,54.7363],[42.3905,54.807],[42.4668,54.8713]],[[41.7832,55.1191],[41.6583,55.1089],[41.4966,55.157],[41.4116,55.131],[41.2103,55.2212],[41.0466,55.1832],[40.9646,55.2604],[40.7294,55.2039],[40.6115,55.2071],[40.5168,55.3277],[40.3454,55.34],[40.2065,55.3093],[40.1373,55.4342],[40.1405,55.5172],[40.0369,55.5457],[40.085,55.6126],[39.9002,55.7345],[39.8231,55.8328],[39.5552,55.7761],[39.3581,55.761],[39.3098,55.8306],[39.1231,55.8298],[39.0158,55.9252],[38.8394,55.9009],[38.7291,55.9535],[38.6056,55.9589],[38.5623,56.0832],[38.4028,56.2642],[38.4124,56.369],[38.3296,56.5623],[38.3741,56.6966]],[[37.259,54.8358],[37.4608,54.8223],[37.5643,54.7365],[37.7583,54.7362],[37.7499,54.8203],[37.9386,54.8323],[38.0393,54.7137],[38.2188,54.6596],[38.4622,54.6403],[38.49,54.5797],[38.3903,54.4686],[38.5138,54.364],[38.5212,54.2888],[38.6751,54.2447],[38.7369,54.3451],[38.9088,54.3977],[38.7977,54.4512],[38.8204,54.6019],[39.2157,54.6322],[39.3284,54.7484],[39.3977,54.8761],[39.4884,54.9408],[39.6845,55.0207],[39.8128,54.9975],[39.8882,55.0813],[39.827,55.1826],[40.0014,55.2004],[40.2065,55.3093]],[[36.0096,53.6183],[36.0983,53.5559],[36.2202,53.5703],[36.398,53.4285],[36.5352,53.3914],[36.6668,53.4159],[36.8073,53.2966],[37.0882,53.28],[37.1969,53.2507],[37.3272,53.3032],[37.5683,53.289],[37.5613,53.1688],[37.7874,53.0889],[37.841,53.0085],[37.8388,52.8905],[37.7905,52.8453],[37.8707,52.7718],[37.7766,52.7185],[37.8127,52.6484],[37.7271,52.5969],[37.7828,52.5084],[37.9108,52.4729],[38.0384,52.3445],[37.948,52.2456],[37.7776,52.1615],[37.7471,52.0169]],[[36.9043,55.2291],[37.0145,55.3012],[36.914,55.4259],[37.1749,55.4478],[37.2106,55.6016],[37.4141,55.6599],[37.3482,55.744],[37.4311,55.8777],[37.6115,55.9037],[37.8005,55.8377],[37.8429,55.7625],[37.8127,55.6494],[37.6591,55.5689],[37.5656,55.3585],[37.463,55.379],[37.4248,55.1842],[37.2162,55.0838],[37.12,54.9908]],[[38.2988,51.961],[38.5288,52.0237],[38.6976,52.0978],[38.762,52.0524],[38.8799,52.0925],[38.9944,52.0007],[39.1823,52.0982],[39.4471,52.0822],[39.4966,51.9727],[39.8341,51.9202],[39.913,51.9798],[40.0876,51.985],[40.2946,51.9564],[40.5038,51.9535],[40.5068,52.0219],[40.632,52.0665],[40.6158,52.1292],[40.6969,52.2696],[40.4766,52.3738],[40.3308,52.403],[40.203,52.5116],[40.0675,52.5605],[39.9531,52.6544],[39.9792,52.7688],[40.0799,52.8042],[40.0705,52.9253],[40.1415,53.0719],[40.1066,53.2757],[40.1602,53.3422],[39.9179,53.4162],[39.9068,53.4985],[39.7402,53.5883],[39.5115,53.5254],[39.5236,53.4623],[39.4154,53.4136],[39.1618,53.3946],[39.0415,53.5496],[38.8954,53.5652],[38.6972,53.5001],[38.7617,53.382],[38.4773,53.31],[38.5954,53.2403],[38.6327,53.1232],[38.5946,53.0485],[38.4729,53.0412],[38.3066,52.9741],[38.1077,53.059],[37.9124,53.0726],[37.841,53.0085]],[[38.2915,51.2925],[38.446,51.2574],[38.501,51.1889],[38.3956,51.1568],[38.3969,51.0765],[38.5162,51.0618],[38.6184,50.9984],[38.7376,51.0737],[38.8458,51.0365],[38.8736,50.9113],[38.7367,50.9014],[38.7245,50.7901],[38.9662,50.6465],[39.0724,50.6361],[39.0977,50.5061],[38.9904,50.4327],[39.0848,50.3487],[39.099,50.1728],[39.2336,50.0562],[39.1746,49.8559]],[[38.8954,53.5652],[38.9093,53.7534],[38.8368,53.76],[38.7946,53.8721],[38.8407,53.9189],[38.7137,54.0013],[38.6943,54.0749],[38.7639,54.1348],[38.6719,54.1774],[38.6751,54.2447]],[[40.1602,53.3422],[40.3175,53.3562],[40.502,53.4611],[40.7384,53.56],[40.8395,53.4875],[41.0213,53.4895],[41.1744,53.4337],[41.3537,53.5563],[41.3487,53.7411],[41.4001,53.7832],[41.7483,53.8235],[42.1344,53.8122],[42.0939,53.5398],[42.3122,53.4404],[42.3542,53.3682],[42.7475,53.0223],[42.9054,52.9697],[43.0952,52.8217],[43.2366,52.6612],[43.0416,52.5606],[43.0113,52.4822],[43.0796,52.4027],[43.193,52.4623],[43.3527,52.3925],[43.5321,52.4263],[43.747,52.4334],[44.044,52.3495],[44.3467,52.3161],[44.4219,52.4158],[44.5391,52.4321],[44.5003,52.5212],[44.8725,52.434],[44.9096,52.3775],[45.0719,52.3769],[45.1399,52.4205],[45.2643,52.3923],[45.4315,52.4005],[45.528,52.4808],[45.6444,52.5186],[45.717,52.4708],[45.9806,52.4072],[45.9715,52.4856],[46.1468,52.5914],[46.2763,52.6186],[46.2888,52.6719],[46.5162,52.695],[46.713,52.6279],[46.8307,52.6163],[46.8521,52.726],[46.9832,52.7713],[46.9353,52.9098],[46.9126,53.0792],[46.9545,53.1911],[46.9059,53.3353],[46.7948,53.4085],[46.4936,53.5109],[46.4683,53.6543],[46.1926,53.8503],[46.212,53.9087],[45.9572,54.0054],[45.7916,54.0039]],[[40.5038,51.9535],[40.7346,51.9404],[40.9377,51.8902],[40.8919,51.7426],[41.0661,51.7102],[41.2683,51.735],[41.3113,51.7938],[41.5565,51.7667],[41.9522,51.6564],[42.2477,51.6945],[42.2737,51.6004],[42.4034,51.6329],[42.4892,51.6077],[42.4904,51.6928],[42.6433,51.804],[42.6941,51.9661],[42.806,52.0122],[42.7513,52.0778],[42.7515,52.1738],[42.9965,52.3647],[43.0796,52.4027]],[[41.3621,50.2263],[41.5086,50.3921],[41.4235,50.4816],[41.5258,50.5987],[41.4001,50.625],[41.3144,50.7246],[41.1675,50.7805],[41.3698,50.8308],[41.4443,50.9174],[41.737,51.0257],[41.8549,51.1886],[41.977,51.2033],[42.0673,51.16],[42.2548,51.1325],[42.573,51.1685],[42.7155,51.2394],[42.8729,51.2313],[43.1416,51.122],[43.3298,51.0177],[43.6422,51.0661],[43.6823,51.113],[43.8644,51.113],[44.0045,51.0873],[44.1818,51.1166],[44.2103,51.1935],[44.6596,51.1726],[45.0425,51.1263],[45.2018,51.0396],[45.215,50.9421],[45.3081,50.8768],[45.2926,50.7811],[45.1913,50.6974],[45.2411,50.5863],[45.4951,50.6126],[45.6676,50.5936],[45.6782,50.7295],[45.8107,50.7736],[45.8895,50.7586],[46.0684,50.6523],[46.0653,50.5437],[46.2548,50.5289],[46.2946,50.5674],[46.4608,50.5469],[46.4832,50.6168],[46.5834,50.7007],[46.7076,50.6909],[46.8305,50.6325],[46.8777,50.5239],[47.0077,50.4802],[47.184,50.5119],[47.2774,50.3717],[47.4466,50.3685]],[[43.7315,47.4766],[43.6336,47.5704],[43.7052,47.6831],[43.8221,47.7497],[43.9515,47.7561],[44.0323,47.8161],[44.0825,47.909],[44.3891,47.8683],[44.4669,47.9902],[44.4477,48.0497],[44.3141,48.0941],[44.3059,48.2551],[44.5402,48.1969],[44.5467,48.0631],[44.6623,48.0893],[44.766,48.0588],[44.9332,48.1355],[44.9626,48.2087],[45.1369,48.1118],[45.3006,48.0977],[45.1495,48.2383],[44.9874,48.2682],[45.0415,48.3946],[45.1717,48.439],[45.3749,48.4641],[45.3011,48.558],[45.6087,48.5928],[45.7595,48.6658],[45.9483,48.8359],[46.0575,48.8689],[46.298,48.84],[46.6436,48.6591]],[[45.3006,48.0977],[45.4049,48.0917],[45.5469,47.9971],[45.6768,48.0323],[45.741,48.0001],[45.707,47.9084],[45.8433,47.7193],[46.1163,47.5024],[46.297,47.437],[46.4494,47.4781],[46.6845,47.628],[46.7882,47.5566],[46.5265,47.4348],[46.5113,47.4064],[46.7258,47.0895],[46.8009,47.0036],[46.912,46.9796],[46.9879,46.8633],[47.1259,46.8507],[47.2135,46.7423],[47.1495,46.6683],[47.022,46.6352],[46.9301,46.5556],[46.9397,46.4316],[46.6636,46.429],[46.5311,46.3377],[46.5044,46.2738],[46.8563,46.2442],[46.8455,46.0755],[47.089,46.1182],[47.17,46.0784],[47.0402,45.9657],[46.9062,45.6367],[46.9222,45.5777],[47.2961,45.6463],[47.354,45.6845],[47.47,45.6348],[47.5284,45.5457]],[[42.8729,51.2313],[42.8609,51.3814],[42.7341,51.479],[42.4892,51.6077]],[[46.4413,54.7722],[46.8691,54.6317],[47.063,54.6902],[47.2419,54.6777],[47.3704,54.7526],[47.3785,54.8324],[47.4872,54.8576],[47.7288,54.8313],[47.8031,54.9448],[47.9963,54.9682],[48.0747,55.1084],[48.0166,55.2763],[47.9132,55.3162],[47.7626,55.2141],[47.7025,55.3279],[47.8341,55.3421],[47.9738,55.4995],[48.1008,55.5454],[48.025,55.6305],[48.2054,55.6936],[48.4124,55.8294]],[[42.3077,53.8475],[42.1344,53.8122]],[[46.8307,52.6163],[46.9173,52.6367],[47.0619,52.5702],[47.4354,52.5698],[47.5308,52.6105],[47.7308,52.5867],[47.7775,52.6803],[47.9173,52.6748],[47.9978,52.7544],[48.2522,52.8101],[48.437,52.7804],[48.5397,52.8303],[48.5925,52.9194],[48.5217,52.9782],[48.3903,52.9704],[48.2216,52.9989],[48.1485,53.0587],[48.1436,53.1619],[48.0345,53.3146],[47.9485,53.3587],[48.0568,53.4761],[48.3756,53.4712],[48.3313,53.6245],[48.4564,53.6658],[48.4911,53.7705],[48.8743,53.7164],[49.0293,53.8572],[49.2992,53.84],[49.4137,53.8683],[49.6245,53.8146],[49.8269,53.8871],[49.9572,53.9068],[49.9791,53.9657],[50.1974,54.0381],[50.2562,54.3049],[50.2056,54.4181],[50.1187,54.437],[50.0775,54.5165],[50.3842,54.4858],[50.5194,54.3298],[50.6969,54.4267],[50.948,54.3476],[51.0038,54.5392],[51.0929,54.5535],[51.1688,54.6373],[51.296,54.6416],[51.3913,54.6015],[51.5135,54.6393],[51.6676,54.5671],[51.936,54.5276],[51.9327,54.4363],[52.0995,54.3885],[52.2227,54.4446],[52.482,54.4672],[52.5385,54.3772],[52.5057,54.3225],[52.2715,54.3266],[52.3393,54.1742],[52.4764,54.0771],[52.3779,53.9659],[52.4125,53.9274],[52.2535,53.6543],[52.0792,53.5012],[52.1926,53.3752],[52.1431,53.2969],[52.1284,53.1739],[52.069,53.1539],[52.0609,52.9997],[51.8621,52.9261],[51.7151,52.8403],[51.7717,52.7832],[51.7323,52.6684],[51.5452,52.6814],[51.4714,52.5691],[51.5627,52.4473],[51.4129,52.35],[51.4526,52.2193],[51.4152,52.1027],[50.7939,51.7292],[50.7162,51.8407],[50.7315,51.914],[50.5174,51.9914],[50.2359,52.0351],[50.2215,52.1299],[49.9769,52.1836],[49.8123,52.1931],[49.6278,52.3664],[49.4777,52.3314],[49.3437,52.4687],[49.1592,52.4858],[48.9361,52.4752],[48.7301,52.568],[48.6997,52.6392],[48.5239,52.6818],[48.3512,52.6694],[48.437,52.7804]],[[53.6317,55.9067],[53.7774,55.9702],[53.8378,56.0386],[54.0468,56.058],[54.1172,56.1582],[54.3458,56.2526],[54.3525,56.3585],[54.4302,56.3427],[54.5316,56.5149],[54.9182,56.392],[54.9684,56.3204],[55.4477,56.3407],[55.5481,56.3995],[55.8758,56.4367],[56.0733,56.2895],[56.2753,56.3051],[56.4025,56.3874],[56.6546,56.2201],[56.7297,56.2241],[56.8641,56.1081],[57.2135,56.182],[57.2735,56.3049],[57.4084,56.3291],[57.4108,56.2354],[57.5372,56.1002],[57.8021,56.1506],[57.9072,56.1155],[58.0794,56.141],[58.3077,56.1045],[58.543,56.1631],[58.7465,56.0628],[58.9435,56.0657],[59.0263,56.1694],[59.1879,56.1273],[59.269,56.0479],[59.1784,55.99],[59.2285,55.9106],[59.165,55.7899],[59.2959,55.7805],[59.2548,55.6141],[59.4466,55.632],[59.5649,55.4996],[59.2013,55.4501],[59.1592,55.3316],[58.9805,55.3033],[58.872,55.3233],[58.7968,55.2028],[58.6736,55.1885],[58.8157,55.0249],[58.6195,54.9497],[58.364,55.0844],[58.2879,55.1707],[58.1475,55.1174],[58.0893,55.0201],[57.9649,55.1586],[58.144,55.209],[58.0302,55.2748],[57.6749,55.3001],[57.518,55.334],[57.2636,55.2619],[57.2339,55.1503],[57.1369,55.0921],[57.243,54.9571],[57.1651,54.819],[57.3861,54.7198],[57.497,54.7006],[57.5941,54.6287],[57.7417,54.5831],[57.7429,54.5006],[57.9714,54.3928],[58.2063,54.5151],[58.3637,54.5475],[58.6138,54.4703],[58.8247,54.5722],[59.0614,54.6319],[59.2278,54.6112],[59.4041,54.7026],[59.6138,54.8667],[59.806,54.8464],[59.9029,54.8667],[59.9746,54.8014],[59.8597,54.603],[59.6795,54.4981],[59.7463,54.4471],[59.6667,54.3397],[59.8005,54.242],[59.6939,54.1291],[59.5442,54.1961],[59.344,54.1851],[59.2626,54.1396],[59.162,53.9929],[59.0141,53.9582],[58.9062,53.8616],[58.8728,53.7585],[58.9068,53.6658],[58.8209,53.5956],[58.8685,53.5018],[58.8651,53.3199],[58.829,53.1997],[58.8914,53.1884],[58.9004,53.0659],[58.7488,52.8354],[58.7776,52.7037],[58.7237,52.6451],[58.8123,52.5867],[58.7766,52.5255],[58.828,52.4327],[58.857,52.2632],[58.6905,52.2653],[58.6061,52.1805],[58.6942,52.0488],[58.6389,52.0164],[58.5764,51.7931],[58.4937,51.7621],[58.2359,51.7384],[58.0917,51.7946],[57.9813,51.7862],[57.8819,51.846],[57.784,51.8262],[57.6526,51.8633],[57.6209,51.759],[57.4316,51.7258],[57.3744,51.6386],[57.2067,51.5751],[57.0355,51.6597],[56.9992,51.7284],[56.8758,51.699],[56.8897,51.6248],[56.7801,51.5922],[56.7146,51.721],[56.7482,51.7734],[56.6076,51.8295],[56.6848,52.0453],[56.6275,52.1178],[56.4954,52.1615],[56.2172,52.1323],[56.1939,52.189],[56.4514,52.3088],[56.4446,52.4196],[56.3652,52.5231],[56.0776,52.6036],[55.9192,52.4988],[55.8891,52.3991],[55.7776,52.3436],[55.5456,52.3849],[55.5449,52.5417],[55.4116,52.6576],[55.4067,52.8371],[55.2639,52.8625],[55.1618,52.8232],[54.955,53.1105],[54.9266,53.2195],[54.8016,53.2708],[54.6641,53.2355],[54.559,53.2697],[54.5196,53.3598],[54.3023,53.4105],[54.2472,53.3753],[54.1084,53.4166],[53.878,53.658],[53.6558,53.7524],[53.5983,53.8833],[53.4705,54.0457],[53.3478,54.3816],[53.4259,54.4988],[53.4141,54.5515],[53.515,54.6155],[53.6069,54.7281],[53.5787,54.8222],[53.4219,54.9822],[53.2692,55.012],[53.1411,55.0989],[53.1468,55.1466],[53.3269,55.1665],[53.4184,55.222],[53.5914,55.2119],[53.7227,55.3377],[53.891,55.3812],[53.9969,55.5443],[54.1745,55.6236],[54.1768,55.707],[53.9764,55.8527],[53.7594,55.8662],[53.6317,55.9067],[53.2891,55.8583],[53.2765,55.9353],[53.4055,56.023],[53.564,56.1811],[53.5509,56.241],[53.4272,56.2765],[53.2603,56.2539],[53.3356,56.1565],[53.2731,56.0847],[52.9582,56.2522],[52.945,56.3661],[53.0801,56.5266],[52.9345,56.5381],[52.9081,56.4159],[52.7332,56.3784],[52.562,56.2594],[52.7112,56.2304],[52.8392,56.1631],[52.7942,56.0948],[52.6553,56.0178],[52.4727,56.0744],[52.4393,56.0334],[52.1954,56.0771],[52.242,55.9645],[52.168,55.8985],[52.0645,55.8961],[51.9375,55.9737],[51.8286,55.918],[51.6326,55.9523],[51.4419,55.9246],[51.3991,55.9936],[51.5006,56.0824],[51.4365,56.1444]],[[54.3525,56.3585],[54.245,56.4319],[54.1683,56.5345],[53.9591,56.6316],[53.8691,56.7132],[54.0884,56.7712],[54.0986,56.9659],[54.3411,57.0119],[54.2947,57.0836],[54.3143,57.2905],[54.1582,57.3143],[54.1885,57.4627],[54.1684,57.5589],[54.096,57.6074],[54.1563,57.7062],[54.0872,57.9942],[53.8102,58.2281],[53.886,58.3191],[53.7846,58.4399]],[[57.4084,56.3291],[57.3175,56.3734],[57.3729,56.552],[57.3576,56.6812],[57.2187,56.853],[57.323,56.9199],[57.5596,56.8883],[57.8246,56.9742],[57.869,57.058],[58.0299,57.0994],[58.0386,57.2365],[57.938,57.332],[57.9951,57.4773],[58.2681,57.6698],[58.4365,57.676],[58.4578,57.5876],[58.5798,57.5944],[58.8298,57.7262],[58.8641,57.8272],[58.7558,57.8484],[58.6046,57.9956],[58.6783,58.1071],[58.8685,58.2055],[58.9706,58.1998],[59.2025,58.3046],[59.2805,58.4128],[59.456,58.4928],[59.3886,58.5901],[59.3876,58.7033],[59.1864,58.7107],[59.0827,58.7693],[59.0658,58.8841],[59.1812,58.953],[59.0911,59.022],[59.1753,59.1465],[59.0035,59.2306],[58.6695,59.2932],[58.5084,59.44],[58.3109,59.468],[58.4031,59.5523],[58.451,59.705],[58.5819,59.7158],[58.6751,59.8592],[58.805,59.8628],[58.849,59.9256],[58.9886,59.9278],[58.9616,60.0049],[59.1885,60.2779],[59.1685,60.3737],[59.2393,60.4802],[59.3853,60.5735],[59.4677,60.8079],[59.4576,60.953],[59.3729,60.9705],[59.3585,61.1429],[59.261,61.2222],[59.3172,61.3773],[59.4058,61.4179],[59.4284,61.5069],[59.3487,61.6822]],[[59.0263,56.1694],[59.1346,56.206],[59.1221,56.3172],[59.1944,56.3518],[59.3492,56.3179],[59.7013,56.3061],[59.7887,56.2326],[59.9208,56.2647],[60.2396,56.2092],[60.3148,56.2382],[60.5848,56.2135],[60.7508,56.2373],[60.909,56.1881],[61.1503,56.217],[61.0842,56.3257],[61.1501,56.3758],[61.2673,56.3314],[61.3849,56.367],[61.5371,56.2974],[61.642,56.3194],[61.8161,56.2394],[61.8635,56.1807],[62.0718,56.1335],[62.1324,56.0654],[62.3052,55.9787],[62.3429,55.9051],[62.5168,55.7378],[62.5159,55.5636],[62.5793,55.5175],[62.3039,55.4033],[62.2343,55.3409],[62.0492,55.3106],[62.1649,55.2421],[62.2442,55.0794],[61.9891,55.0352],[61.9799,54.9338],[62.1234,54.8151],[62.0248,54.7165],[62.1472,54.6444],[62.3791,54.6721],[62.4243,54.7234],[62.7106,54.6258],[62.9033,54.6942],[63.1921,54.6864],[63.2955,54.5636],[63.2379,54.4779],[63.1302,54.4478],[63.1284,54.3059],[63.25,54.2471],[63.3191,54.1732]],[[58.828,52.4327],[59.175,52.2774],[59.2486,52.4868],[59.3975,52.4952],[59.5086,52.4354],[59.7813,52.4918],[59.9456,52.4283],[60.1486,52.4205],[60.1396,52.2673],[59.9755,52.1818],[59.9137,52.1004],[60.0644,51.9751]],[[53.4705,54.0457],[53.3845,53.9738],[53.2585,54.0714],[53.1414,54.0762],[52.9512,54.1958],[53.0009,54.271],[52.7711,54.347],[52.5385,54.3772]],[[62.0718,56.1335],[62.0827,56.291],[62.2526,56.3627],[62.333,56.4692],[62.5422,56.5777],[62.5902,56.5236],[63.0011,56.598],[63.0978,56.5689],[63.3585,56.5634],[63.4477,56.6097],[63.7665,56.508],[64.1733,56.4684],[64.2375,56.5194],[64.2193,56.6008],[64.3566,56.6529],[64.337,56.7527],[64.484,56.7602],[64.5421,56.8084],[64.8258,56.8411],[64.9954,56.7683],[65.016,56.6494],[64.9672,56.5008],[65.0879,56.4483],[65.1169,56.3254],[65.6671,56.2735],[65.7076,56.1954],[65.8609,56.0646],[66.0279,55.9903],[66.1856,56.068],[66.2981,56.0581],[66.4635,55.9505],[66.7605,56.0455],[66.8016,55.967],[66.9885,55.9888],[67.2987,55.8967],[67.4467,55.735],[67.5909,55.7108],[67.8246,55.7207],[67.9121,55.6648],[68.1895,55.7002],[68.1739,55.596],[68.317,55.5552],[68.4868,55.4012],[68.5906,55.4244],[68.7715,55.331]],[[64.9954,56.7683],[65.1403,56.7701],[65.2273,56.8604],[65.1014,56.892],[64.9937,57.0415],[64.9918,57.2213],[64.9175,57.2963],[64.8417,57.4461],[64.9367,57.5486],[64.8393,57.6407],[65.4279,57.8339],[65.5396,57.7795],[65.7023,57.9013],[66.1966,58.0325],[66.0019,58.2975],[65.9345,58.6144]],[[65.4805,68.4304],[65.2727,68.2164],[65.3301,68.0847],[65.2898,68.0123],[65.4366,67.92],[66.0831,67.9336],[66.0224,67.7942],[66.2059,67.693],[65.8312,67.6427],[65.836,67.5552],[66.0259,67.5761],[66.11,67.4888],[65.9372,67.3932],[65.708,67.335],[65.4222,67.2151],[65.1902,67.145],[65.0898,67.0541],[65.1162,66.9083],[64.9992,66.8654],[64.5669,66.7936],[64.3156,66.6677],[63.9693,66.6463],[63.8085,66.5472],[63.3057,66.4002],[63.2406,66.3131],[63.0658,66.2319],[62.8702,66.0791],[62.8075,65.9366],[62.8386,65.8693],[62.5041,65.8309],[62.0185,65.7171]],[[47.2419,54.6777],[47.3509,54.5927],[47.3661,54.5268],[47.6374,54.5654],[47.7536,54.7313],[47.8495,54.7041],[48.0857,54.7663],[48.2899,54.7381],[48.4696,54.6342],[48.6406,54.6596],[48.8275,54.6478],[49.0144,54.7928],[49.1178,54.7955],[49.2912,54.8838],[49.4758,54.7754],[49.6155,54.562],[49.7463,54.5742],[49.9752,54.5095],[50.0775,54.5165]],[[87.1732,52.6116],[87.1166,52.6678],[86.9521,52.6346],[86.8407,52.6483],[86.6177,52.3717],[86.8059,52.2922],[86.8145,52.1447],[86.7544,52.1087],[86.5052,52.12],[86.4399,52.0229],[86.2654,52.0124],[86.1496,52.0702],[85.9396,52.075],[85.8342,51.9713],[85.8765,51.9194],[85.7403,51.8606],[85.6699,51.754],[85.5368,51.7001],[85.4277,51.5597],[85.3135,51.5693],[85.2391,51.4708],[85.0077,51.489],[84.9369,51.4296],[84.7052,51.3955],[84.3942,51.266],[84.2695,51.2752],[84.1719,51.1438],[84.0144,51.1376],[84.018,51.0638],[84.2515,51.0024],[84.4713,50.9732],[84.528,50.8814],[84.5998,50.8584],[84.5416,50.6911],[84.1828,50.6606],[84.0667,50.629]],[[88.3648,52.168],[88.1215,52.0983],[87.8391,51.8106],[88.0864,51.7136],[87.9674,51.5976],[87.8615,51.5494],[88.1057,51.4322],[88.1316,51.3859],[88.3637,51.3198],[88.5077,51.3164],[88.6654,51.4236],[88.6593,51.5349],[88.7357,51.5594],[88.9554,51.4384],[88.9458,51.2283],[89.0322,51.1843],[89.0524,51.0646],[89.3836,50.8576],[89.6737,50.579],[89.7797,50.5669],[89.8692,50.4851],[89.8436,50.4299],[89.508,50.3624],[89.3903,50.3193],[89.3364,50.2096],[89.5014,50.2068],[89.5526,50.0523],[89.6439,49.9031]],[[88.7357,51.5594],[89.0325,51.6001],[89.2327,51.6448],[89.2231,51.5599],[89.4209,51.6054],[89.5806,51.553],[89.7304,51.5822],[89.9429,51.7502],[90.1046,51.7677],[90.0275,51.9844],[90.1189,52.0438],[90.1237,52.1286],[90.3594,52.1918],[90.4766,52.1834],[90.7003,52.4582],[91.038,52.6602],[91.2419,52.7475],[91.3963,52.868],[91.408,52.9471],[91.3511,53.0775],[91.6599,53.1585],[91.8412,53.2883],[91.8464,53.3519],[91.744,53.4467],[91.4697,53.5139],[91.4724,53.5673],[91.3333,53.7576],[91.3265,53.8167],[91.4651,53.966],[91.4639,54.0565],[91.2096,54.3382],[91.159,54.4879],[90.855,54.6267],[90.9153,54.7911],[90.8405,54.8389],[90.7149,54.8312],[90.6848,54.9047],[90.4583,54.8708],[90.4355,55.0163],[90.2624,55.05],[90.1292,55.1052],[89.904,55.0861],[89.6578,55.0031],[89.55,55.0464],[89.2008,54.9904],[89.1474,55.0763],[88.9661,55.1848],[88.9502,55.2891],[88.7598,55.3441],[88.6088,55.4456]],[[90.4766,52.1834],[90.5818,52.1118],[90.7436,52.0634],[90.8394,51.9124],[91.1005,51.9427],[91.1804,51.8901],[91.5431,51.9009],[91.6165,51.869],[91.8942,51.8528],[91.9867,51.7936],[92.4295,51.8019],[92.5054,51.7814],[92.6728,51.8398],[92.8443,51.8324],[92.9012,51.8951],[93.0746,51.9453],[93.3604,52.1294],[93.678,52.2238],[93.7676,52.3714],[93.7739,52.4462],[93.9893,52.5854],[94.1391,52.761],[94.1413,52.8318],[94.2901,52.9],[94.5123,52.9108],[94.6037,53.0553],[94.6042,53.1758],[94.6901,53.2244],[94.5945,53.3157],[94.7399,53.3827],[94.9756,53.405],[95.0411,53.3759],[95.2604,53.4564],[95.3809,53.3719],[95.6218,53.4486],[95.7676,53.5195],[96.0483,53.4537],[96.186,53.5154],[96.2415,53.6135],[96.4179,53.5432],[96.6423,53.5481],[96.6841,53.6385],[96.5051,53.6844],[96.4055,53.7833],[96.1259,53.9724],[96.0793,54.0627],[95.919,54.1557],[95.6782,54.2342],[95.6531,54.2819],[95.7167,54.3879],[95.8969,54.3893],[95.9811,54.4516],[96.0388,54.5582],[96.221,54.5427],[96.3514,54.5619],[96.495,54.5105],[96.5519,54.5805],[96.5649,54.6969],[96.6726,54.8059],[96.7119,54.9266],[96.5862,55.0191],[96.6847,55.0849],[96.7199,55.2649],[96.918,55.3295],[96.82,55.5576],[96.7528,55.6507],[96.7601,55.7461],[96.96,55.8609],[96.9865,56.0183],[97.1253,56.1017],[97.3519,56.0512],[97.4402,56.1468],[97.5649,56.1896],[97.5914,56.3867],[97.8407,56.3931],[97.8818,56.4269],[97.8682,56.5548],[97.7623,56.5591],[97.7653,56.788],[97.5466,56.7934],[97.4685,56.8274],[97.4888,56.9637],[97.3549,57.0605],[97.934,57.8113],[97.9867,57.8219],[98.7675,57.7907],[98.9616,57.7233],[99.0799,57.7704],[99.4109,57.7955],[99.4975,57.929],[99.7028,58.0857],[99.7935,58.0625],[100.0173,58.0815],[100.0794,58.0451],[100.1293,57.8668],[100.2754,57.8048],[100.4187,57.5418],[100.6377,57.4766],[100.7156,57.4129],[100.9114,57.4515],[100.9553,57.5553],[100.8014,57.673],[100.8846,57.7697],[100.8457,57.8455],[100.9705,57.8705],[101.1373,57.9854],[101.2079,58.1419],[101.2976,58.2193],[101.5309,58.2253],[101.6785,58.4067],[101.7736,58.4533],[102.1617,58.5156],[102.3111,58.6423],[102.5197,58.7279],[102.5649,58.7967],[102.5373,58.8966],[102.4386,58.9437],[102.407,59.0674],[102.4549,59.1531],[102.5885,59.2031],[102.7593,59.1994],[102.9988,59.3154],[103.0826,59.2644],[103.2393,59.2836],[103.246,59.1801],[103.3752,59.0341],[103.6929,58.9232],[103.8895,58.9026],[103.9487,58.7739],[104.2201,58.758],[104.3738,58.7133],[104.4582,58.6023],[104.7867,58.6663],[104.8725,58.7185],[104.7591,58.8205],[104.9483,58.9586],[105.3535,59.1079],[105.2881,59.2642],[105.1957,59.3033],[105.2253,59.4293],[104.9857,59.4611],[104.8832,59.5254],[104.7988,59.6909],[105.0049,59.7657],[105.0351,59.836],[105.1864,59.8585],[105.3772,59.8217],[105.4848,60.0219],[105.4238,60.1229],[105.4758,60.2539],[105.3213,60.2955],[105.2206,60.2762],[104.8892,60.3017],[104.6762,60.3999],[104.5232,60.6449],[104.5945,60.7352],[104.4597,60.8388],[104.6286,60.89],[104.5711,60.9548],[104.6352,61.0364],[104.8366,61.1762],[105.0046,61.1976],[104.904,61.3675],[104.9572,61.3983],[105.2532,61.4199],[105.3675,61.5298],[105.5502,61.5663],[105.7176,61.6496],[105.8227,61.6312],[105.9414,61.6854],[105.9022,61.8349],[106.2181,62.0032],[106.4039,62.0307],[106.3751,62.1032],[106.4425,62.1848],[106.3973,62.3143],[106.4791,62.3285],[106.7139,62.4876],[106.7257,62.5877],[106.4948,62.6919],[106.5252,62.7413],[106.4349,62.8467],[106.2253,62.8938],[106.1256,63.0482],[106.4033,63.1133],[106.3683,63.2724],[106.4376,63.32],[106.6614,63.2967],[106.7253,63.375],[106.5168,63.483],[106.6914,63.6363],[106.6295,63.6968],[106.7934,63.8424],[106.6799,63.9306],[106.7644,63.9957],[107.0526,63.8918],[107.2024,63.9569],[107.3725,63.8655],[107.5503,63.857],[107.6798,63.9892],[108.2629,63.9959],[108.3201,64.039],[108.2236,64.2034],[108.0265,64.2235],[108.4675,64.2817],[108.5327,64.2275],[108.495,64.1157],[108.7352,63.9771],[108.7664,63.8604],[108.6868,63.7954],[108.2794,63.7964],[108.2651,63.6727],[108.112,63.6167],[108.1596,63.5629],[108.5471,63.599],[108.8571,63.5369],[109.0527,63.5491],[109.2155,63.4418],[109.453,63.149],[109.4654,62.9496],[109.6144,62.8737],[109.512,62.7766],[109.3059,62.4836],[109.5567,62.4314],[109.9182,62.4063],[109.9957,62.2775],[109.9995,62.1635],[109.8193,62.0077],[109.5978,61.8704],[109.62,61.7181],[109.8513,61.5573],[109.8462,61.4244],[109.7924,61.3252],[110.0944,61.2626],[110.1688,61.1641],[110.4814,61.1592],[110.5167,61.0912],[110.4584,60.9883],[110.2397,60.831],[110.2684,60.702],[110.0568,60.6739],[110.1162,60.5871],[109.9168,60.4506],[109.7405,60.2335],[109.6944,60.1286],[109.7639,60.027],[109.6504,59.8706],[109.5037,59.7638],[109.5174,59.6296],[109.2694,59.4491],[109.2678,59.316],[109.4988,59.2944],[109.6364,59.066],[110.1193,58.9804],[110.2866,58.9852],[110.4709,59.0336],[110.5894,59.1313],[110.5804,59.1908],[110.7135,59.2589],[111.1638,59.1894],[111.3163,59.2575],[111.4701,59.2673],[111.6253,59.2073],[111.7758,59.2758],[111.9325,59.2719],[112.2179,59.5004],[112.4354,59.3263],[112.6311,59.3105],[112.4652,59.1678],[112.4512,58.924],[112.6125,58.9545],[112.5544,59.0334],[112.7276,59.0834],[113.1522,59.1645],[113.2642,59.1569],[113.4647,59.2663],[113.4352,59.4023],[113.605,59.4991],[113.5918,59.5652],[113.7793,59.6086],[113.8493,59.6816],[114.0302,59.6811],[114.1612,59.7477],[114.309,59.8789],[114.5455,59.9854],[114.5402,60.1021],[114.6971,60.2192],[114.8359,60.1904],[115.0068,60.2685],[115.1122,60.3946],[115.3947,60.4871],[115.6863,60.5262],[115.8421,60.4677],[115.9989,60.4572],[116.0754,60.4069],[116.5824,60.3599],[116.7216,60.2662],[116.9543,60.1686],[117.0766,60.0292],[117.2963,60.0189],[117.0651,59.9079],[117.2282,59.7983],[117.1904,59.6464],[117.0893,59.5884],[117.3524,59.4974],[117.5975,59.4723],[117.7786,59.5283],[117.906,59.4439],[118.0583,59.5826],[118.336,59.5956],[118.4073,59.5123],[118.7339,59.4198],[118.8397,59.3004],[118.6887,59.1915],[118.7072,59.0638],[118.8403,59.0156],[118.7954,58.9346],[118.8929,58.8164],[118.8212,58.5743],[118.9802,58.5428],[119.1324,58.4723],[119.0704,58.3412],[119.1081,58.2227],[118.7841,58.2128],[118.6304,58.1752],[118.4051,58.2615],[118.3174,58.3525],[118.1421,58.3859],[117.6838,58.398],[117.4709,58.304],[117.5878,58.1843],[117.4377,58.1518],[117.3746,58.0609],[117.3681,57.9342],[117.313,57.847],[117.1283,57.8416],[117.1727,57.7365],[117.1404,57.6684],[117.2823,57.6172],[117.2571,57.509],[117.3207,57.4567],[117.3567,57.3371],[117.427,57.2637],[117.5971,57.3212],[117.7943,57.2874],[117.7234,57.1871],[117.6009,57.1497],[117.6766,57.0658],[117.6725,56.9775],[117.5758,56.9347],[117.5708,56.8512],[117.1795,56.866],[117.1406,56.8085],[117.0122,56.8065],[116.815,56.7262],[116.6291,56.7485],[116.3616,56.8473],[116.122,56.8127],[115.9574,56.865],[115.8602,56.9324],[115.7108,56.9635],[115.8048,57.0313],[116.0476,57.0822],[116.1703,57.1414],[116.1557,57.2285],[115.8522,57.2401],[115.6978,57.1367],[115.4499,57.097],[115.0859,57.1186],[115.0504,56.9907],[114.8507,56.8367],[114.7953,56.7097],[114.4985,56.6709],[114.2893,56.692],[114.1272,56.676],[114.0102,56.5453],[113.8697,56.5326],[113.803,56.6024],[113.5468,56.6716],[113.3558,56.6264],[112.8855,56.6967],[112.762,56.7525],[112.6621,56.9597],[112.4439,56.863],[112.2349,56.8777],[112.1096,56.9444],[111.9161,56.9455],[111.8543,56.9133],[111.6281,57.0163],[111.6202,57.095],[111.4625,57.1025],[111.3367,56.95],[111.3632,56.8948],[111.1337,56.8147],[110.9981,56.8577],[110.8831,56.8341],[110.7525,56.8741],[110.6621,56.8334],[110.5319,56.8467],[110.3991,56.9212],[110.248,56.9248],[109.989,56.969],[109.8869,56.8909],[109.7804,56.7111],[109.6653,56.6943],[109.4102,56.7349],[109.3137,56.6717],[109.1431,56.6761],[108.9296,56.5882],[108.699,56.5829],[108.7186,56.4994],[108.557,56.3457],[108.5712,56.2936],[108.799,56.2574],[108.9289,56.1482],[108.9912,56.0397],[109.105,56.0217],[109.18,55.913],[108.96,55.9413],[108.8541,55.8663],[108.7714,55.6233],[108.6222,55.4559],[108.6513,55.3132],[108.7727,55.2373],[108.7822,55.1695],[108.6903,55.0623],[108.7161,54.7851],[108.6404,54.6011],[108.6709,54.5469],[109.0221,54.4936],[109.0073,54.4249],[108.4235,53.7832],[108.0608,53.2051],[106.1983,52.4402],[105.9916,52.2209],[105.7515,52.031],[105.4612,51.8633],[105.1231,51.7311],[104.8995,51.6687],[104.6499,51.6224],[104.6287,51.4434],[104.67,51.3992],[104.6094,51.2683],[104.4942,51.309],[104.2124,51.2811],[104.0981,51.2182],[103.8137,51.1319],[103.8187,51.3878],[103.6897,51.4602],[103.5763,51.4792],[103.335,51.4342],[103.1814,51.6208],[103.2216,51.7883],[103.0647,51.8827],[102.945,51.9066],[102.777,51.9846],[102.6729,52.0984],[102.5735,52.1491],[102.5421,52.2276],[102.3948,52.259],[102.3204,52.2313],[102.188,52.2758],[102.0457,52.2122],[101.9632,52.2224],[101.9104,52.3171],[101.743,52.4024],[101.6876,52.4606],[101.4756,52.5711],[101.4362,52.6312],[101.3202,52.6414],[101.0309,52.7691],[100.8525,52.8107],[100.8268,52.8565],[100.6064,52.9436],[100.3627,53.1368],[100.401,53.2342],[100.2605,53.3748],[100.0798,53.3003],[99.8782,53.2994],[99.8052,53.1902],[99.6902,53.132],[99.536,53.1054],[99.379,53.1128],[99.3665,53.0538],[99.2498,52.9538],[98.9893,53.0345],[99.0557,53.1038],[98.6979,53.1548],[98.6152,53.1075],[98.3032,53.1037],[98.2795,53.2257],[98.0308,53.2526],[97.9715,53.3516],[97.6988,53.3789],[97.5858,53.4381],[97.4478,53.4615],[97.3284,53.5964],[97.1352,53.613],[96.8749,53.7291],[96.7428,53.711],[96.6841,53.6385]],[[108.0265,64.2235],[107.8557,64.1816],[107.5697,64.2986],[107.3675,64.2506],[106.8774,64.4138],[106.3952,64.4426],[106.2037,64.4026],[106.1318,64.4808],[105.8029,64.5301],[105.7078,64.6527],[105.8727,64.6795],[105.8319,64.7596],[105.9461,64.8835],[106.1228,64.9048],[105.9728,65.0118],[106.2815,65.1368],[106.4537,65.233],[106.4514,65.3131],[106.6353,65.3929],[106.8356,65.3783],[106.94,65.5112],[106.7131,65.5489],[106.6309,65.6348],[106.4395,65.6617],[106.4779,65.8452],[106.4713,66.0074],[106.3304,66.1545],[106.1713,66.1592],[106.1033,66.3783],[106.3219,66.4789],[106.2494,66.5815],[106.2469,66.7022],[106.0474,66.789],[106.0437,66.9008],[105.6867,66.9395],[105.5402,67.0234],[105.8938,67.0437],[106.0547,67.1672],[106.3166,67.2094],[106.4923,67.2838],[106.6852,67.2539],[106.8024,67.3482],[106.8329,67.6734],[106.8752,67.8396],[106.8956,68.1426],[106.8855,68.8655],[106.1529,69.3911],[106.4268,69.5639],[106.6044,69.5172],[106.8386,69.5182],[107.1237,69.5875],[108.0073,69.705],[108.1487,69.8248],[108.2906,69.8568],[108.871,69.8403],[108.941,69.7892],[109.237,69.7759],[109.3598,69.8382],[109.509,70.0335],[109.358,70.069],[109.2774,70.2065],[109.5355,70.264],[109.6015,70.3782],[109.9955,70.4169],[110.1167,70.478],[110.1028,70.6319],[110.489,70.726],[110.5394,70.8006],[110.9028,70.8079],[111.3349,70.8553],[111.5224,70.9386],[111.9533,70.9823],[112.0266,71.0423],[112.2767,71.0127],[112.5793,71.1137],[112.5132,71.2679],[111.9969,71.4136],[111.9961,72.1327],[111.8171,72.1317],[111.6428,72.2745],[111.0852,72.3696],[111.281,72.4783],[111.2103,72.5445],[110.8806,72.5802],[110.7017,72.6505],[110.6106,72.781],[110.6274,72.8945],[110.8373,72.9451],[110.8812,73.0229],[110.7549,73.1753],[110.5708,73.2525],[110.5231,73.4041],[110.8179,73.5589],[111.073,73.5829],[111.1106,73.6411],[110.8275,73.7129]],[[119.1081,58.2227],[119.1544,58.1464],[119.1355,58.0071],[119.047,57.7276],[119.1651,57.6687],[119.1411,57.5389],[119.4101,57.6147],[119.4872,57.5915],[119.41,57.4972],[119.4424,57.3712],[119.5456,57.3398],[119.6828,57.1574],[119.6221,57.101],[119.6453,57.0023],[119.7716,56.983],[119.8984,56.8894]],[[115.7108,56.9635],[115.589,56.902],[115.5713,56.7319],[115.4341,56.6898],[115.4904,56.6199],[115.6879,56.5954],[115.6726,56.5399],[115.8005,56.4661],[115.6838,56.4245],[115.688,56.3267],[115.7736,56.2057],[115.7649,56.0857],[115.8893,55.9652],[115.8444,55.8568],[115.8448,55.7048],[115.8922,55.6415],[115.8952,55.5254],[116.0716,55.4149],[116.1777,55.3906],[116.376,55.4087],[116.4582,55.3404],[116.4759,55.2532],[116.7159,55.1446],[116.7739,55.148],[116.8927,54.9767],[116.9275,54.8259],[116.8836,54.7375],[116.7741,54.6903],[116.7773,54.6266],[116.6732,54.5478],[116.4579,54.5168],[116.1905,54.5385],[115.6294,54.4423],[115.5261,54.4036],[115.4911,54.3287],[115.2691,54.2567],[115.1645,54.1617],[115.0233,54.0984],[114.9665,54.0234],[114.8601,53.9805],[114.5883,53.9266],[114.5007,53.8449],[114.3775,53.8437],[114.3261,53.79],[113.9835,53.7437],[113.9265,53.6813],[113.7927,53.6297],[113.8776,53.562],[113.8425,53.3818],[113.9359,53.3582],[113.9776,53.2398],[114.2008,53.1871],[114.1321,53.0996],[114.3251,53.0677],[114.233,52.9605],[114.2351,52.8215],[114.0878,52.6946],[113.9653,52.6332],[113.7442,52.5736],[113.5725,52.4535],[113.2361,52.4688],[112.9499,52.3433],[112.6805,52.3314],[112.5448,52.347],[112.4054,52.2084],[112.1845,52.2881],[112.0618,52.2772],[111.7964,52.0899],[111.7237,52.0057],[111.586,51.9217],[111.4537,51.8778],[111.125,51.8179],[110.8447,51.66],[110.8624,51.595],[110.677,51.5045],[110.4225,51.5233],[110.3892,51.577],[110.0492,51.6161],[109.6287,51.4491],[109.2472,51.366],[109.0471,51.5004],[108.942,51.4405],[108.7571,51.4489],[108.6491,51.5006],[108.5318,51.4228],[108.3845,51.2375],[108.5547,51.1571],[108.484,51.0567],[108.3527,51.0554],[108.3085,51.011],[108.2497,50.8435],[108.067,50.7535],[108.1873,50.6576],[108.4722,50.5899],[108.5536,50.4651],[108.3152,50.4027],[108.2135,50.4108],[108.1317,50.3182],[107.9902,50.3348],[107.9263,50.2148],[107.7697,50.1472],[107.7955,50.0257],[107.7444,49.9663]],[[99.2498,52.9538],[99.2203,52.8652],[98.9287,52.9185],[98.8563,52.8466],[98.9378,52.7975],[98.9371,52.6727],[98.8046,52.6109],[98.8056,52.514],[98.6344,52.4128],[98.6464,52.309],[98.7995,52.2742],[98.809,52.1964],[98.9324,52.1919],[98.9396,52.1062]],[[110.7992,73.7598],[111.3028,73.883]],[[130.923,55.6786],[131.0868,55.6181],[131.3006,55.6176],[131.5986,55.6518],[131.8037,55.6143],[131.9623,55.6578],[132.126,55.6448],[132.2397,55.704],[132.5384,55.6756],[132.6629,55.5607],[132.6435,55.4906],[132.9079,55.3591],[132.7326,55.3487],[132.5808,55.1959],[132.3548,55.1914],[132.3668,55.0564],[132.0867,55.0499],[131.9708,54.998],[131.9945,54.9094],[131.6123,54.7808],[131.5325,54.7224],[131.3993,54.7191],[131.1995,54.6128],[131.2202,54.5267],[131.1141,54.3233],[130.9439,54.3232],[130.7737,54.2879],[130.5069,54.1198],[130.4835,53.9934],[130.4104,53.9476],[130.4465,53.8824],[130.6351,53.8868],[130.8401,53.8284],[130.9211,53.7678],[131.0967,53.8129],[131.4208,53.7513],[131.444,53.6272],[131.4982,53.5549],[131.4835,53.4756],[131.5323,53.3194],[131.4653,53.2129],[131.8002,53.2412],[131.8942,53.128],[131.9905,53.1339],[132.1116,53.223],[132.3985,53.2442],[132.594,53.2297],[132.8933,53.2346],[132.9512,53.2885],[133.1534,53.2912],[133.2097,53.4211],[133.5733,53.546],[133.7092,53.4768],[134.0106,53.4332],[134.2146,53.4718],[134.2226,53.5149],[134.4514,53.5378],[134.5552,53.6209],[134.748,53.5393],[134.7614,53.4752],[134.9238,53.4166],[134.897,53.3154],[134.9564,53.2539],[134.8594,53.1844],[134.8121,53.0656],[134.6589,52.9391],[134.6313,52.8006],[134.7059,52.7662],[134.7824,52.6471],[134.6586,52.5751],[134.6626,52.4709],[134.6057,52.4176],[134.2239,52.4888],[134.056,52.5002],[134.0031,52.5392],[133.6587,52.5716],[133.3694,52.683],[133.2795,52.6639],[133.2384,52.5669],[133.2462,52.4556],[133.4204,52.2514],[133.3217,52.1983],[132.907,52.1586],[132.5898,52.0815],[132.5251,51.963],[132.4037,51.9634],[132.4235,51.8599],[132.2787,51.793],[132.2157,51.8168],[131.9592,51.7367],[131.8639,51.7546],[131.7278,51.6811],[131.4309,51.6883],[131.395,51.607],[131.4838,51.4761],[131.4884,51.3446],[131.2898,51.3639],[131.1691,51.2487],[131.0649,51.2457],[130.9187,51.0243],[130.8156,51.0195],[130.7718,50.9425],[130.8407,50.8809],[130.6885,50.7456],[130.6451,50.6573],[130.954,50.65],[131.0111,50.5681],[130.8655,50.4565],[130.9889,50.3818],[131.1341,50.4193],[131.158,50.3454],[131.2898,50.3661],[131.3253,50.2688],[131.4415,50.1862],[131.2952,49.9898],[131.4451,49.9641],[131.4994,49.9008],[131.4691,49.73],[131.3843,49.6593],[131.4999,49.6113],[131.494,49.4114],[131.3957,49.2436],[131.1824,49.2499],[131.0067,49.051],[130.9827,48.9722],[130.829,48.9834],[130.5531,48.8612]],[[131.3957,49.2436],[131.4627,49.2058],[131.6119,49.2881],[131.7671,49.3099],[131.9655,49.3053],[132.0681,49.4659],[132.1198,49.4855],[132.3977,49.393],[132.3823,49.2953],[132.6386,49.2898],[132.7318,49.3152],[132.8154,49.2347],[133.0325,49.2189],[133.2012,49.1408],[133.3087,48.826],[133.7701,48.7592],[133.8239,48.6833],[133.9347,48.6398],[134.105,48.6327],[134.269,48.7157],[134.3918,48.743],[134.4825,48.6594],[134.7456,48.5691],[134.8619,48.6251],[134.9866,48.5948],[134.9774,48.5068],[134.8839,48.4243],[134.7692,48.3737],[134.598,48.4164],[134.3232,48.3701]],[[133.9724,46.6368],[134.1993,46.6444],[134.412,46.6775],[134.4646,46.786],[134.4117,46.8664],[134.4429,46.9425],[134.5487,46.9673],[134.6534,47.0918],[134.8511,47.1541],[135.0151,47.1281],[135.0782,47.1926],[135.2051,47.153],[135.433,47.0192],[135.363,46.9496],[135.4196,46.9109],[135.526,46.9535],[135.7459,46.9486],[135.8501,46.8109],[135.9415,46.7898],[136.062,46.8499],[136.2637,46.765],[136.384,46.7692],[136.4511,46.8102],[136.5772,46.7775],[136.7279,46.8415],[136.8353,46.9438],[136.9742,47.0117],[136.9343,47.0571],[137.0127,47.2361],[137.0937,47.2966],[137.3282,47.2139],[137.4524,47.1984],[137.5977,47.3003],[137.7547,47.3293],[138.0058,47.4546],[138.0868,47.5166],[138.0483,47.6683],[137.8964,47.7243],[137.7869,47.6965],[137.6005,47.7842],[137.5966,47.9104],[137.4169,47.9779],[137.3146,48.0842],[137.4489,48.2016],[137.5787,48.2285],[137.8433,48.2091],[137.9949,48.2971],[138.1453,48.3158],[138.179,48.3792],[138.3056,48.4446],[138.4888,48.4017],[138.4798,48.3026],[138.5585,48.1808],[138.7099,48.1833],[138.7224,48.1361],[138.5814,48.0307],[138.8256,47.8609],[138.7071,47.7352],[138.6099,47.7259],[138.5166,47.6685],[138.6182,47.6286],[138.5948,47.5478],[138.6287,47.4514],[138.7547,47.4383],[138.8562,47.4663],[139.0102,47.3967]],[[144.7451,62.0469],[144.9676,62.0568],[145.1558,61.9676],[145.2717,61.9915],[145.5136,61.9641],[145.7432,62.0582],[145.8913,62.0254],[146.2189,61.9029],[146.3607,61.8202],[146.5049,61.6616],[146.5834,61.6355],[146.6129,61.4426],[146.7676,61.4033],[146.6833,61.3126],[146.7473,61.2229],[146.7473,61.1149],[146.678,61.0812],[146.7012,60.9589],[146.546,60.958],[146.4644,60.7087],[146.3201,60.6587],[146.0689,60.7388],[145.6202,60.5573],[145.51,60.4637],[145.6299,60.3916],[145.5708,60.3351],[145.793,60.1982],[146.1002,60.2241],[146.3742,60.2712],[146.4521,60.1424],[146.6801,60.0955],[146.6571,59.9822],[146.7868,59.901],[146.9893,59.9478],[147.1409,59.8486],[147.1586,59.6475],[147.0753,59.4109],[146.9072,59.3698]],[[33.7458,44.4023],[33.8521,44.4316],[33.8057,44.5273],[33.713,44.5816],[33.709,44.6664],[33.6114,44.7206],[33.6745,44.7916],[33.5884,44.842]],[[39.7515,45.1265],[39.9643,45.0748],[40.1742,45.1096],[40.4155,44.9999],[40.5276,44.9152],[40.6245,44.767],[40.5542,44.7198],[40.3936,44.7253],[40.3271,44.564],[40.4064,44.4993],[40.4078,44.3429],[40.4365,44.2844],[40.3665,44.1981],[40.3834,44.0334],[40.4552,43.981],[40.3364,43.7692],[40.279,43.7512],[39.9305,43.8981],[39.7297,43.918],[39.7543,44.0609],[39.718,44.1178],[39.8003,44.1898],[39.9047,44.0767],[39.9885,44.0776],[40.0782,44.2442],[39.9709,44.256],[39.9078,44.3246],[39.7926,44.3571],[39.8743,44.4725],[39.9148,44.5829],[39.9149,44.6986],[40.0198,44.7238],[39.8838,45.0074],[39.7503,44.9347],[39.6392,45.034],[39.4951,45.0307],[39.4893,44.9666],[39.6316,44.8576],[39.5527,44.8065],[39.0638,44.8103],[38.7604,44.9386],[38.7282,45.0125],[38.921,45.0165],[39.0423,44.9659],[39.3242,45.0012],[39.54,45.1556],[39.6416,45.193],[39.7515,45.1265]]]}},{"type":"Feature","properties":{"cc":"US","name":"United States of America"},"geometry":{"type":"MultiLineString","coordinates":[[[-88.3996,30.3708],[-88.4862,31.8905],[-88.0848,34.9331],[-88.2031,35.0242],[-85.6236,35.0009],[-85.201,32.9562],[-85.1565,32.8043],[-85.015,32.5262],[-84.9739,32.4093],[-84.986,32.3609],[-84.9685,32.3198],[-84.9215,32.2859],[-84.9297,32.2466],[-84.993,32.2018],[-85.0346,32.1474],[-85.1241,31.8805],[-85.1248,31.7768],[-85.0549,31.5727],[-85.0926,31.2957],[-85.0674,31.1176],[-85.0073,31.0017],[-87.5937,31.0007],[-87.6011,30.8606],[-87.5662,30.7956],[-87.4217,30.6716],[-87.4083,30.6415],[-87.4338,30.5459],[-87.4294,30.4779],[-87.4895,30.3777]],[[-88.1733,34.999],[-90.2937,35.0011],[-90.256,35.0464],[-90.1423,35.1143],[-90.0929,35.2036],[-90.1079,35.3142],[-90.066,35.4141],[-89.9673,35.5033],[-89.9265,35.5917],[-89.9435,35.6791],[-89.8946,35.7505],[-89.7797,35.8057],[-89.7636,35.828],[-89.7636,35.8888],[-89.6889,35.921],[-89.7048,36.0016],[-90.3811,35.9927],[-90.303,36.0994],[-90.2162,36.1784],[-90.1493,36.2159],[-90.0757,36.2967],[-90.0745,36.3718],[-90.1622,36.5009],[-94.6184,36.5009],[-94.4391,35.3873],[-94.4841,33.6484],[-94.432,33.5997],[-94.3577,33.561],[-94.2947,33.5875],[-94.1915,33.589],[-94.0988,33.5773],[-94.0473,33.5544],[-94.0413,33.012],[-91.15,33.0159],[-91.1068,33.2179],[-91.1633,33.2945],[-91.1685,33.3595],[-91.141,33.4385],[-91.1543,33.5002],[-91.193,33.5225],[-91.2146,33.5834],[-91.1727,33.6167],[-91.1704,33.6475],[-91.2075,33.6757],[-91.1841,33.7157],[-91.1003,33.7674],[-91.0527,33.8276],[-91.0382,33.9014],[-91.0702,33.9742],[-91.0604,33.9893],[-90.9147,34.0486],[-90.9088,34.0716],[-90.9403,34.1286],[-90.9097,34.1888],[-90.8172,34.2522],[-90.7681,34.3081],[-90.7623,34.3564],[-90.7181,34.3917],[-90.6354,34.4139],[-90.584,34.5037],[-90.5638,34.6612],[-90.5392,34.7282],[-90.4748,34.7601],[-90.4676,34.8053],[-90.4159,34.8516],[-90.3199,34.8992],[-90.2821,34.9453],[-90.2937,35.0011]],[[-85.6236,35.0009],[-84.3247,34.9881],[-83.1148,35.0015],[-83.1704,34.9329],[-83.3167,34.8057],[-83.3556,34.7083],[-83.1665,34.5996],[-83.0528,34.5109],[-82.9757,34.4764],[-82.8968,34.4658],[-82.8477,34.4369],[-82.8186,34.366],[-82.5893,34.0174],[-82.3519,33.8377],[-82.2566,33.7492],[-82.2084,33.6636],[-82.0057,33.5229],[-81.9364,33.4473],[-81.9328,33.3899],[-81.9087,33.3493],[-81.8641,33.3254],[-81.7803,33.1953],[-81.6993,33.1268],[-81.5782,33.0686],[-81.4898,32.9357],[-81.4338,32.728],[-81.377,32.6075],[-81.2903,32.5572],[-81.1715,32.3801],[-81.133,32.2747],[-81.135,32.1819],[-81.0748,32.1097],[-80.8723,32.0296]],[[-85.0073,31.0017],[-84.8869,30.7593],[-84.8839,30.7209],[-82.2399,30.5657],[-82.1942,30.3934],[-82.1123,30.3714],[-82.0618,30.4046],[-82.0298,30.4777],[-82.0218,30.5599],[-82.0412,30.6532],[-82.0382,30.732],[-82.0129,30.7781],[-81.9571,30.8143],[-81.8805,30.8063],[-81.6734,30.7402],[-81.5039,30.7314]],[[-89.7048,36.0016],[-89.6419,36.1045],[-89.6341,36.1679],[-89.6745,36.2206],[-89.6541,36.248],[-89.5835,36.2722],[-89.6117,36.322],[-89.6041,36.3519],[-89.5553,36.3729],[-89.5406,36.4267],[-89.5573,36.5011],[-89.4872,36.5031],[-89.5195,36.5548],[-89.5356,36.5553],[-89.5555,36.5408],[-89.5573,36.5011]],[[-91.15,33.0159],[-91.1442,32.9669],[-91.0961,32.9377],[-91.0934,32.885],[-91.1361,32.8088],[-91.1356,32.7558],[-91.0921,32.7259],[-91.0944,32.6943],[-91.1424,32.661],[-91.1496,32.625],[-91.1008,32.5414],[-91.1038,32.4905],[-91.0593,32.4238],[-90.99,32.3811],[-90.9447,32.3307],[-90.9376,32.2773],[-90.9477,32.2401],[-91.0746,32.1313],[-91.0925,32.0458],[-91.1565,31.9707],[-91.2865,31.884],[-91.3725,31.7737],[-91.4591,31.555],[-91.5057,31.5187],[-91.529,31.4488],[-91.529,31.3452],[-91.5587,31.2879],[-91.6183,31.277],[-91.6308,31.2176],[-91.5964,31.1099],[-91.611,31.0649],[-91.6526,31.0296],[-91.6564,31.0018],[-89.7353,31.0012],[-89.7649,30.8861],[-89.8354,30.7308],[-89.82,30.6112],[-89.6858,30.4627],[-89.5917,30.223],[-89.5209,30.1926]],[[-94.0413,33.012],[-94.0433,31.9992],[-93.9051,31.877],[-93.8456,31.7929],[-93.8268,31.7503],[-93.8069,31.5688],[-93.7376,31.5138],[-93.7361,31.4777],[-93.6637,31.3722],[-93.6659,31.3226],[-93.597,31.2098],[-93.5577,31.1804],[-93.5306,31.0462],[-93.5627,31.0049],[-93.5492,30.9477],[-93.5792,30.8238],[-93.6247,30.7143],[-93.7202,30.5583],[-93.7152,30.4733],[-93.7504,30.3447],[-93.721,30.2829],[-93.7106,30.1128],[-93.794,29.9773]],[[-94.4841,33.6484],[-94.7092,33.6993],[-94.8694,33.7682],[-94.9624,33.8434],[-95.2159,33.959],[-95.238,33.9565],[-95.276,33.9106],[-95.3739,33.8743],[-95.5235,33.8866],[-95.5945,33.9452],[-95.7632,33.8915],[-95.7839,33.8645],[-95.8631,33.8633],[-95.9416,33.8828],[-96.1393,33.822],[-96.2073,33.7741],[-96.2786,33.7576],[-96.315,33.7111],[-96.4111,33.7752],[-96.4872,33.7923],[-96.5916,33.8493],[-96.6063,33.9056],[-96.6485,33.9064],[-96.694,33.8638],[-96.7463,33.8542],[-96.8476,33.8832],[-96.89,33.9346],[-96.9341,33.9535],[-96.9777,33.938],[-97.0216,33.8665],[-97.0638,33.8568],[-97.0612,33.8285],[-97.099,33.7504],[-97.1451,33.7377],[-97.201,33.8082],[-97.1862,33.8701],[-97.1948,33.8906],[-97.2149,33.8971],[-97.2647,33.8678],[-97.3082,33.8692],[-97.3985,33.8313],[-97.4302,33.8385],[-97.4816,33.8857],[-97.5712,33.9159],[-97.6059,33.9717],[-97.6409,33.9917],[-97.8424,33.8758],[-97.9216,33.8784],[-97.9462,33.8971],[-97.9511,33.9712],[-98.0694,34.0403],[-98.0986,34.145],[-98.356,34.1415],[-98.4537,34.0781],[-98.6084,34.1613],[-98.7301,34.1466],[-98.9688,34.2086],[-99.1575,34.2233],[-99.1866,34.2355],[-99.1999,34.3183],[-99.2529,34.3881],[-99.3604,34.4561],[-99.3846,34.4468],[-99.405,34.3921],[-99.5362,34.4047],[-99.632,34.3885],[-99.6856,34.4158],[-99.867,34.5434],[-99.9993,34.5867],[-100.0024,36.5009],[-103.0003,36.5012],[-103.0008,37.0008],[-102.0128,37.0008],[-102.025,41.0006],[-109.0464,41.0009],[-109.0467,37.0008],[-114.0403,37.0042],[-114.0429,36.1818],[-114.0619,36.1752],[-114.1194,36.0767],[-114.1832,36.0303],[-114.2321,36.0317],[-114.2816,36.0603],[-114.3315,36.1163],[-114.4061,36.1483],[-114.5053,36.1564],[-114.6691,36.1217],[-114.7158,36.085],[-114.7414,36.0135],[-114.6871,35.9173],[-114.6771,35.7298],[-114.6501,35.6835],[-114.6452,35.6305],[-114.6621,35.5454],[-114.6485,35.4759],[-114.591,35.3528],[-114.6109,34.9074],[-114.5575,34.7946],[-114.398,34.5897],[-114.371,34.4885],[-114.308,34.4329],[-114.1588,34.3552],[-114.125,34.3141],[-114.1256,34.2865],[-114.3293,34.142],[-114.4183,34.0511],[-114.5091,33.9039],[-114.4993,33.6859],[-114.5216,33.6076],[-114.6026,33.4699],[-114.6512,33.4306],[-114.7017,33.4178],[-114.7194,33.3309],[-114.7044,33.1698],[-114.6481,33.0718],[-114.5505,33.0368],[-114.4909,32.9836],[-114.469,32.9123],[-114.4775,32.842],[-114.5165,32.7728],[-114.5822,32.7347],[-114.7248,32.7153]],[[-94.6184,36.5009],[-94.6224,39.1244],[-94.7779,39.194],[-94.8472,39.2592],[-94.8823,39.3431],[-94.9525,39.4264],[-95.0579,39.509],[-95.0754,39.5974],[-95.0048,39.6916],[-94.9458,39.7395],[-94.8986,39.7411],[-94.8933,39.7818],[-94.9299,39.8615],[-94.984,39.8912],[-95.1162,39.8721],[-95.3467,40.0015],[-102.0245,40.0011]],[[-114.6105,34.9911],[-116.6596,36.59],[-118.1263,37.6924],[-120.0001,39.0003],[-120.0008,42.0006],[-124.2284,42.0008]],[[-114.0403,37.0042],[-114.0426,42.0011],[-111.0503,42.0009],[-111.0514,44.4989],[-111.1609,44.5558],[-111.3041,44.7233],[-111.3725,44.7462],[-111.4481,44.7111],[-111.491,44.6242],[-111.4745,44.5646],[-111.4999,44.5448],[-111.6593,44.5596],[-111.7971,44.5399],[-111.8921,44.5549],[-112.0742,44.5476],[-112.2313,44.5607],[-112.32,44.5331],[-112.3754,44.47],[-112.7159,44.498],[-112.7871,44.4631],[-112.8155,44.406],[-112.8539,44.3983],[-112.9997,44.4804],[-113.0064,44.5391],[-113.0543,44.6052],[-113.0627,44.6651],[-113.1407,44.7655],[-113.2343,44.8099],[-113.3389,44.8081],[-113.4608,44.9036],[-113.4693,44.93],[-113.4381,44.994],[-113.4471,45.0291],[-113.5036,45.1093],[-113.5574,45.1404],[-113.6971,45.305],[-113.7561,45.4408],[-113.7661,45.5025],[-113.7996,45.5402],[-113.8023,45.6011],[-113.9427,45.6815],[-113.9919,45.693],[-114.0064,45.6585],[-114.1166,45.5791],[-114.2976,45.4876],[-114.5292,45.5757],[-114.5326,45.633],[-114.4958,45.6858],[-114.5337,45.782],[-114.5225,45.8151],[-114.3968,45.8909],[-114.4159,45.9822],[-114.4783,46.0356],[-114.4636,46.1098],[-114.4854,46.1582],[-114.4466,46.1993],[-114.4442,46.2707],[-114.3802,46.453],[-114.387,46.5],[-114.3458,46.5506],[-114.3321,46.6014],[-114.3369,46.6592],[-114.3809,46.6676],[-114.563,46.6504],[-114.624,46.6776],[-114.6306,46.7186],[-114.6616,46.7455],[-114.7537,46.7346],[-114.7861,46.7768],[-114.8869,46.8449],[-114.9357,46.9228],[-115.0335,46.9909],[-115.3067,47.2312],[-115.486,47.3116],[-115.7133,47.4467],[-115.6769,47.4706],[-115.6697,47.4979],[-115.7109,47.5526],[-115.6909,47.6067],[-115.7184,47.6815],[-115.8621,47.8424],[-116.049,48.0047],[-116.0485,48.9931]],[[-103.0008,37.0008],[-109.0467,37.0008],[-109.0478,31.3279]],[[-120.0008,42.0006],[-114.0426,42.0011]],[[-109.0464,41.0009],[-111.05,41.0009],[-111.0503,42.0009]],[[-104.0217,41.0009],[-104.0289,43.0014],[-98.4418,43.0011],[-98.1433,42.8523],[-97.9649,42.8059],[-97.8809,42.8496],[-97.6981,42.8746],[-97.4167,42.881],[-97.2388,42.8605],[-97.1645,42.8132],[-96.8045,42.7014],[-96.6755,42.6376],[-96.6328,42.5687],[-96.558,42.5248],[-96.451,42.506],[-96.3838,42.4178],[-96.3561,42.2601],[-96.2953,42.1329],[-96.2014,42.0361],[-96.1542,41.9653],[-96.1538,41.9204],[-96.1312,41.8724],[-96.0866,41.8214],[-96.0688,41.7343],[-96.0778,41.6113],[-96.0586,41.5458],[-96.0114,41.5379],[-95.991,41.5205],[-95.9974,41.4936],[-95.9816,41.4738],[-95.9436,41.4609],[-95.933,41.4255],[-95.9497,41.3674],[-95.936,41.331],[-95.8919,41.3162],[-95.8836,41.2876],[-95.9112,41.2452],[-95.9069,41.212],[-95.8709,41.1878],[-95.8466,41.0803],[-95.834,40.8895],[-95.8381,40.7777],[-95.859,40.7451],[-95.8261,40.6762],[-95.765,40.6019],[-91.7315,40.6247],[-91.682,40.5519],[-91.6274,40.5308],[-91.6169,40.5069],[-91.5455,40.4693],[-91.5299,40.4323],[-91.442,40.3794],[-91.3908,40.3971],[-91.3805,40.4476],[-91.3942,40.5367],[-91.339,40.604],[-91.2151,40.6496],[-91.1021,40.7498],[-91.0001,40.9047],[-90.954,41.0156],[-90.9638,41.0825],[-91.0013,41.146],[-91.0665,41.2059],[-91.0821,41.2803],[-91.0481,41.3691],[-90.9388,41.4256],[-90.7541,41.4498],[-90.5867,41.4947],[-90.4367,41.5604],[-90.3475,41.632],[-90.3192,41.7097],[-90.276,41.77],[-90.2178,41.8131],[-90.1766,41.8836],[-90.1524,41.9815],[-90.1494,42.0537],[-90.1675,42.1003],[-90.3466,42.2148],[-90.4105,42.2721],[-90.425,42.3257],[-90.4847,42.3833],[-90.5896,42.4448],[-90.6573,42.5205],[-90.6879,42.6103],[-90.7887,42.6769],[-90.9599,42.7203],[-91.0696,42.7886],[-91.1176,42.8817],[-91.1613,43.1023],[-91.1476,43.1996],[-91.107,43.278],[-91.1172,43.3312],[-91.2187,43.3953],[-91.2453,43.5024],[-96.5986,43.4975],[-96.535,43.3381],[-96.5699,43.2833],[-96.5635,43.2427],[-96.4903,43.2055],[-96.4613,43.1298],[-96.4627,43.0992],[-96.5021,43.0433],[-96.5133,42.9691],[-96.6268,42.757],[-96.6218,42.7295],[-96.5387,42.6586],[-96.481,42.5113]],[[-102.0128,37.0008],[-94.6181,37.0008]],[[-73.6305,40.9919],[-73.723,41.1045],[-73.4841,41.219],[-73.5447,41.296],[-73.4806,42.0556],[-72.8077,42.0341],[-72.8065,42.008],[-72.7633,42.0112],[-72.7576,42.0341],[-71.8016,42.0227],[-71.7958,41.52],[-71.8045,41.4167],[-71.8299,41.3927],[-71.8424,41.3355]],[[-71.8008,42.012],[-71.3871,42.0169],[-71.3791,41.9024],[-71.3376,41.8914],[-71.3407,41.7979],[-71.2679,41.7508],[-71.2338,41.7066]],[[-73.4806,42.0556],[-73.5073,42.08],[-73.2533,42.7522],[-71.3296,42.7025],[-71.2423,42.7295],[-71.1393,42.8081],[-70.9741,42.8717],[-70.8061,42.8768]],[[-77.1221,38.9435],[-77.053,38.9153],[-77.0304,38.8893],[-77.0197,38.8065],[-76.9312,38.8882],[-77.0421,39.0118],[-77.1221,38.9435],[-77.1903,38.969],[-77.3011,39.0534],[-77.4809,39.113],[-77.5065,39.1426],[-77.4789,39.2209],[-77.5341,39.2656],[-77.6688,39.3095],[-77.739,39.3543],[-77.7624,39.4292],[-77.7917,39.4418],[-77.7974,39.4615],[-77.7796,39.4883],[-77.8722,39.5758],[-77.8554,39.5997],[-78.0272,39.6312],[-78.0978,39.6779],[-78.1811,39.6857],[-78.4068,39.6279],[-78.4427,39.6015],[-78.4603,39.5561],[-78.4955,39.5333],[-78.6777,39.5495],[-78.7417,39.5779],[-78.7534,39.5895],[-78.7465,39.6137],[-78.7778,39.6266],[-78.8148,39.5701],[-78.9715,39.4536],[-79.0753,39.476],[-79.2936,39.3116],[-79.488,39.2109],[-79.4775,39.7228],[-75.7847,39.7224],[-75.707,38.4551],[-75.0377,38.4556]],[[-75.7847,39.7224],[-75.7091,39.8029],[-75.6346,39.8395],[-75.5104,39.8434],[-75.421,39.8154]],[[-84.3247,34.9881],[-84.287,35.2008],[-84.2611,35.2496],[-84.1286,35.2614],[-84.0623,35.286],[-84.0037,35.4141],[-83.8713,35.5149],[-83.7227,35.5599],[-83.5111,35.5841],[-83.2842,35.6821],[-83.1204,35.7746],[-82.9902,35.8004],[-82.9495,35.8345],[-82.8877,35.9517],[-82.8128,35.9474],[-82.7001,36.0298],[-82.6111,36.0474],[-82.5888,35.987],[-82.5534,35.971],[-82.2949,36.134],[-82.1825,36.1538],[-82.1006,36.1065],[-82.0514,36.1229],[-81.9082,36.3064],[-81.8083,36.3527],[-81.7341,36.3555],[-81.7044,36.534],[-81.6589,36.6106],[-81.6416,36.5951],[-75.9664,36.5514]],[[-83.1148,35.0015],[-82.744,35.0841],[-82.3925,35.2109],[-81.0873,35.1557],[-81.0469,35.1311],[-81.0452,35.0656],[-80.9337,35.1137],[-80.793,34.9628],[-80.7841,34.8286],[-79.6536,34.7968],[-78.5643,33.8767]],[[-91.442,40.3794],[-91.4998,40.226],[-91.5017,40.0975],[-91.4259,39.8268],[-91.3787,39.7494],[-91.2099,39.6028],[-90.9194,39.3869],[-90.7372,39.1818],[-90.6635,38.9875],[-90.5771,38.9096],[-90.478,38.9481],[-90.2201,38.8977],[-90.1342,38.8467],[-90.1322,38.8186],[-90.3166,38.4578],[-90.374,38.3098],[-90.3658,38.2543],[-90.299,38.174],[-90.1736,38.069],[-89.823,37.8841],[-89.6233,37.7473],[-89.5234,37.6445],[-89.5234,37.5759],[-89.462,37.4341],[-89.462,37.3657],[-89.5029,37.3005],[-89.4869,37.2127],[-89.4139,37.1024],[-89.3519,37.0355],[-89.3008,37.0121],[-89.2859,37.0227],[-89.2917,37.0707],[-89.2724,37.08],[-89.1543,36.9921],[-89.1651,37.0416],[-89.1346,37.1025],[-89.0462,37.183],[-88.8726,37.1855],[-88.6138,37.1101],[-88.4717,37.0884],[-88.4462,37.1204],[-88.5066,37.3236],[-88.4947,37.3643],[-88.3893,37.4113],[-88.1905,37.4646],[-88.1075,37.5344],[-88.1404,37.6207],[-88.129,37.6995],[-88.042,37.7889],[-88.0953,37.8756],[-88.0911,37.8966],[-88.0591,37.8984],[-88.0425,37.9367],[-88.0445,38.0133],[-88.0261,38.0596],[-87.9903,38.0893],[-88.006,38.1133],[-87.9581,38.1443],[-87.9486,38.178],[-87.9775,38.2144],[-87.9804,38.2492],[-87.9573,38.2822],[-87.9214,38.2975],[-87.873,38.295],[-87.8272,38.3356],[-87.7841,38.4191],[-87.7352,38.4699],[-87.6807,38.488],[-87.636,38.5426],[-87.5838,38.6794],[-87.5295,38.7423],[-87.5177,38.8118],[-87.5303,38.9089],[-87.5683,39.0072],[-87.6317,39.1067],[-87.6473,39.1687],[-87.615,39.1933],[-87.6029,39.2341],[-87.6111,39.2914],[-87.5791,39.344],[-87.5329,39.3749],[-87.5212,41.7278]],[[-95.765,40.6019],[-95.6847,40.4664],[-95.6616,40.3628],[-95.6071,40.2955],[-95.5212,40.2646],[-95.4637,40.1981],[-95.4343,40.096],[-95.3467,40.0015]],[[-96.4536,43.5012],[-96.4537,45.2973],[-96.5298,45.3715],[-96.6961,45.4318],[-96.8149,45.5574],[-96.8511,45.626],[-96.6147,45.8],[-96.5564,45.9428],[-96.5705,46.0192],[-96.5608,46.1382],[-96.6174,46.3271],[-96.7309,46.4728],[-96.7866,46.6482],[-96.796,46.7971],[-96.7701,46.9197],[-96.8183,46.9741],[-96.8253,47.0189],[-96.8475,47.3733],[-96.8629,47.4239],[-96.8587,47.5883],[-96.988,47.8203],[-97.0074,47.9256],[-97.0785,48.0434],[-97.1259,48.1734],[-97.144,48.5368],[-97.128,48.6811],[-97.2257,48.9932]],[[-91.2453,43.5024],[-91.2784,43.7974],[-91.3199,43.9363],[-91.3827,43.9908],[-91.7164,44.1265],[-91.841,44.1942],[-91.9123,44.2889],[-92.0551,44.3998],[-92.1486,44.4452],[-92.2403,44.4621],[-92.3131,44.4978],[-92.3669,44.5523],[-92.4416,44.5866],[-92.537,44.6008],[-92.6435,44.6453],[-92.7698,44.7259],[-92.7992,44.79],[-92.7634,44.9343],[-92.793,45.0714],[-92.7591,45.1106],[-92.7661,45.2365],[-92.6858,45.3805],[-92.6826,45.4331],[-92.707,45.4938],[-92.7575,45.5432],[-92.8925,45.5948],[-92.8965,45.6586],[-92.8747,45.7061],[-92.7864,45.7955],[-92.7381,45.8747],[-92.6939,45.909],[-92.4246,46.0278],[-92.3673,46.036],[-92.2926,46.0844],[-92.2916,46.6607],[-92.224,46.671],[-92.1253,46.763],[-92.107,46.7624]],[[-90.6506,42.513],[-87.8121,42.4971]],[[-111.0514,44.4989],[-111.0509,45.0011],[-104.0055,45.001],[-104.0339,48.9931]],[[-117.0167,42.0006],[-117.0205,43.8132],[-116.9576,43.9641],[-116.944,44.0377],[-116.9607,44.0791],[-116.9498,44.119],[-116.9113,44.1574],[-116.9124,44.1995],[-116.9532,44.2453],[-117.029,44.2755],[-117.1397,44.2903],[-117.1973,44.3438],[-117.2017,44.4362],[-117.1189,44.5783],[-116.949,44.7701],[-116.8559,44.9057],[-116.8396,44.9852],[-116.5492,45.4567],[-116.477,45.6411],[-116.5209,45.7219],[-116.6168,45.7992],[-116.7647,45.8729],[-116.8692,45.9585],[-116.9302,46.056],[-116.9478,46.1243],[-116.9221,46.1636],[-116.943,46.2321],[-117.039,46.3966],[-117.025,46.4292],[-117.0391,48.9931]],[[-116.8965,46.0021],[-119.0197,46.0003],[-119.1773,45.9451],[-119.4291,45.9342],[-119.9343,45.8379],[-120.156,45.7622],[-120.3514,45.7252],[-121.0452,45.639],[-121.1843,45.6438],[-121.2427,45.687],[-121.4021,45.7118],[-121.6625,45.7181],[-121.882,45.6895],[-122.0851,45.6026],[-122.2025,45.5911],[-122.6498,45.6274],[-122.7259,45.6737],[-122.8434,45.9781],[-122.942,46.1149],[-123.1209,46.1788],[-123.2206,46.1536]],[[-88.042,37.7889],[-88.0218,37.8004],[-87.9381,37.7938],[-87.9125,37.8177],[-87.906,37.9018],[-87.8744,37.9157],[-87.7697,37.8852],[-87.7145,37.8996],[-87.6794,37.8864],[-87.6646,37.8455],[-87.6433,37.833],[-87.6154,37.8489],[-87.5874,37.9557],[-87.5614,37.9291],[-87.5184,37.9216],[-87.4573,37.9381],[-87.3724,37.9235],[-87.2094,37.8548],[-87.141,37.8052],[-87.0936,37.8213],[-87.0443,37.8864],[-86.9694,37.938],[-86.8691,37.9761],[-86.7703,37.9598],[-86.6731,37.889],[-86.5992,37.8748],[-86.5486,37.9171],[-86.5,38.0475],[-86.4625,38.0618],[-86.4483,38.086],[-86.4574,38.1202],[-86.4296,38.1397],[-86.3651,38.1446],[-86.3614,38.179],[-86.3146,38.1638],[-86.2676,38.0826],[-86.2075,38.0366],[-86.1034,37.9919],[-86.0213,37.9844],[-85.9612,38.014],[-85.9057,38.0909],[-85.8549,38.215],[-85.7885,38.2852],[-85.7063,38.3014],[-85.6464,38.3473],[-85.6089,38.423],[-85.5463,38.484],[-85.4587,38.5302],[-85.4248,38.5966],[-85.4448,38.6831],[-85.4054,38.73],[-85.3067,38.7372],[-85.1699,38.6904],[-84.9012,38.7696],[-84.8007,38.8194],[-84.7896,38.8684],[-84.8075,38.8995],[-84.8542,38.9129],[-84.8639,38.9332],[-84.8366,38.9606],[-84.8355,38.996],[-84.8606,39.0397],[-84.8217,39.092],[-84.7964,41.7597],[-86.8626,41.7606]],[[-89.1543,36.9921],[-89.1225,36.9116],[-89.1295,36.8111],[-89.1563,36.7157],[-89.203,36.6255],[-89.2561,36.5944],[-89.3305,36.6159],[-89.3975,36.5878],[-89.4503,36.5],[-88.0591,36.4997],[-88.0567,36.5903],[-88.0963,36.693],[-87.8687,36.675],[-87.8392,36.644],[-86.5076,36.6648],[-83.7304,36.5868],[-83.5662,36.6526],[-83.4169,36.681],[-83.1502,36.7623],[-83.0438,36.8456],[-82.8945,36.9064],[-82.832,36.9793],[-82.7319,37.0481],[-82.6816,37.1381],[-82.3432,37.2969],[-81.9653,37.5397],[-82.1035,37.5706],[-82.2802,37.6872],[-82.3939,37.8283],[-82.4719,37.9384],[-82.4822,37.9836],[-82.6177,38.1499],[-82.6195,38.182],[-82.5784,38.2721],[-82.5895,38.4203],[-82.7582,38.5412],[-82.8446,38.6277],[-82.8804,38.7103],[-83.0001,38.714],[-83.2035,38.6389],[-83.357,38.6274],[-83.5384,38.6999],[-83.6899,38.6495],[-83.7523,38.6694],[-83.8281,38.7312],[-83.9484,38.7742],[-84.1132,38.7984],[-84.2273,38.8652],[-84.2904,38.9747],[-84.358,39.0499],[-84.4301,39.0909],[-84.5089,39.1028],[-84.5945,39.0858],[-84.6605,39.0945],[-84.7069,39.1289],[-84.7659,39.125],[-84.8217,39.092]],[[-84.7961,41.7014],[-83.4543,41.7455]],[[-82.6128,38.4482],[-82.4975,38.415],[-82.3871,38.434],[-82.3181,38.4797],[-82.2909,38.552],[-82.2523,38.5941],[-82.2025,38.6058],[-82.1801,38.6376],[-82.2035,38.7682],[-82.0723,38.9629],[-82.0011,39.0111],[-81.9498,38.9893],[-81.8967,38.8935],[-81.8438,38.9343],[-81.7801,38.947],[-81.8026,39.0861],[-81.7707,39.0988],[-81.7006,39.2295],[-81.6572,39.272],[-81.6065,39.2741],[-81.5516,39.308],[-81.4927,39.3736],[-81.4396,39.3926],[-81.3924,39.3648],[-81.3334,39.3628],[-81.2625,39.3865],[-80.9633,39.5711],[-80.8743,39.6643],[-80.8722,39.7355],[-80.6018,40.3639],[-80.6041,40.4452],[-80.6232,40.5116],[-80.659,40.563],[-80.6375,40.6033],[-80.5191,40.647],[-80.5203,41.9896]],[[-81.9653,37.5397],[-81.9577,37.5076],[-81.9714,37.4731],[-81.8756,37.3296],[-81.6608,37.2218],[-81.589,37.2081],[-81.4194,37.2823],[-81.35,37.3337],[-81.2271,37.2633],[-81.1781,37.2633],[-80.9154,37.3114],[-80.8731,37.3406],[-80.8719,37.3994],[-80.8435,37.4217],[-80.7198,37.401],[-80.5074,37.4691],[-80.4645,37.4327],[-80.3161,37.5097],[-80.2458,37.6208],[-80.2853,37.6771],[-80.2459,37.751],[-79.9717,38.0462],[-79.9027,38.1807],[-79.8129,38.267],[-79.7834,38.336],[-79.7153,38.404],[-79.6687,38.5443],[-79.6396,38.5725],[-79.5977,38.5771],[-79.5553,38.5594],[-79.5048,38.4913],[-79.3959,38.4544],[-79.3042,38.4499],[-79.2403,38.4765],[-79.0412,38.7897],[-78.992,38.8197],[-78.8687,38.8179],[-78.7568,38.9082],[-78.6928,38.9217],[-78.5815,38.999],[-78.4352,39.1608],[-78.3511,39.4109],[-78.3222,39.4519],[-77.8358,39.1452],[-77.7266,39.3464]],[[-83.6675,36.605],[-81.9525,36.598],[-81.9053,36.6185],[-81.6589,36.6106]],[[-89.4503,36.5],[-89.4715,36.4889],[-89.4872,36.5031]],[[-73.2533,42.7522],[-73.2802,42.8132],[-73.2666,42.8648],[-73.2471,43.553],[-73.3305,43.6267],[-73.3914,43.5785],[-73.4159,43.5896],[-73.375,43.8042],[-73.4261,44.0749],[-73.3811,44.1874],[-73.3209,44.2689],[-73.3098,44.4596],[-73.3721,44.5973],[-73.3486,44.7753],[-73.3658,44.8604],[-73.3451,44.9389],[-73.3522,45.0054]],[[-72.4669,42.7303],[-72.5396,42.8296],[-72.5498,42.8867],[-72.4737,43.0385],[-72.4071,43.332],[-72.385,43.5292],[-72.3624,43.5866],[-72.2967,43.715],[-72.2224,43.7909],[-72.1149,43.9654],[-72.0622,44.1163],[-72.0312,44.3007],[-72.0018,44.3295],[-71.8255,44.3741],[-71.683,44.4503],[-71.6093,44.5141],[-71.5684,44.6076],[-71.6183,44.7278],[-71.6207,44.7719],[-71.5102,44.9083],[-71.5335,44.988],[-71.5175,45.0076]],[[-79.4775,39.7228],[-80.5194,39.7225],[-80.5191,40.647]],[[-75.376,38.025],[-75.62,37.9992],[-75.6593,37.954]],[[-75.2525,38.0374],[-75.2258,38.0403]],[[-70.7331,43.07],[-70.8128,43.1636],[-70.829,43.2391],[-70.9197,43.3281],[-70.9556,43.3894],[-70.9675,43.4581],[-71.0845,45.294]],[[-87.6058,45.1086],[-87.6536,45.1218],[-87.7189,45.2013],[-87.7209,45.2428],[-87.6627,45.3452],[-87.6642,45.3713],[-87.6964,45.3828],[-87.8418,45.3608],[-87.8749,45.3854],[-87.8591,45.4455],[-87.8152,45.5058],[-87.8147,45.5632],[-87.7946,45.596],[-87.8091,45.686],[-87.9225,45.76],[-88.1161,45.8158],[-88.0965,45.8784],[-88.1044,45.9052],[-88.1517,45.9454],[-88.493,46.0135],[-88.8373,46.0366],[-89.1193,46.1492],[-90.1185,46.3417],[-90.2304,46.5098],[-90.3182,46.5366],[-90.3409,46.5584],[-90.3923,46.549],[-90.4076,46.5929]],[[-96.5564,45.9428],[-104.0111,45.9431]],[[-104.0372,45.0011],[-104.0289,43.0014]],[[-75.8891,36.5505],[-75.8574,36.5506]],[[-75.0742,39.9835],[-74.9093,40.0795],[-74.7349,40.1545],[-74.9764,40.4058],[-75.034,40.4204],[-75.0974,40.5431],[-75.189,40.5958],[-75.1923,40.6899],[-75.1747,40.7755],[-75.1118,40.8021],[-75.0756,40.8563],[-75.123,40.999],[-75.0315,41.0518],[-74.9123,41.1553],[-74.8125,41.3015],[-74.6991,41.3573],[-73.9101,40.9923]],[[-74.6991,41.3573],[-74.7566,41.4239],[-74.9354,41.4744],[-74.9813,41.5077],[-75.0514,41.6084],[-75.0669,41.7132],[-75.0537,41.765],[-75.0948,41.7995],[-75.0955,41.8317],[-75.2389,41.8922],[-75.274,41.9467],[-75.3513,41.9984],[-79.763,42.0009],[-79.763,42.2757]],[[-103.0003,36.5012],[-103.0422,36.5006],[-103.0656,32.0027],[-106.6683,32.0009],[-106.5664,31.8195],[-106.4454,31.7684]]]}},{"type":"Feature","properties":{"cc":"ZA","name":"South Africa"},"geometry":{"type":"MultiLineString","coordinates":[[[22.6151,-26.1075],[22.7052,-26.1297],[22.702,-26.41],[22.8151,-26.4477],[22.8507,-26.3985],[22.9153,-26.1551],[22.9864,-26.1609],[23.0575,-26.1],[23.0995,-25.9868],[23.3741,-26.0158],[23.3515,-26.0797],[23.2287,-26.0594],[23.2222,-26.1203],[23.303,-26.1435],[23.2222,-26.2682],[23.2836,-26.3435],[23.2707,-26.4795],[23.4581,-26.5286],[23.5809,-26.6153],[23.4937,-26.7366],[23.8458,-26.8865],[23.9266,-26.8664],[23.988,-26.9125],[24.0235,-27.0161],[23.9622,-27.0996],[23.8943,-27.2577],[24.0849,-27.3589],[24.0362,-27.4747],[24.0434,-27.5852],[24.1156,-27.6283],[24.1124,-27.7427],[24.4075,-27.6844],[24.4452,-27.7828],[24.3626,-27.8989],[24.4471,-27.9772],[24.4384,-28.0376],[24.5197,-28.0996],[24.6113,-28.0001],[24.6212,-27.9043],[24.6913,-27.8264],[24.6713,-27.6717],[24.7958,-27.6111],[24.8149,-27.6872],[24.972,-27.6855],[25.0267,-27.7077],[24.842,-27.906],[24.9324,-28.0966],[25.0135,-28.0682],[25.0099,-28.1151],[24.916,-28.3174],[24.8451,-28.5194],[24.8743,-28.6499],[24.3408,-29.649],[24.4091,-29.7645],[24.6575,-29.8956],[24.6704,-29.9501],[24.7845,-29.9882],[24.9069,-30.2012],[25.0293,-30.2831],[25.0435,-30.3302],[25.1849,-30.4557],[25.4675,-30.6131],[25.483,-30.7558],[25.522,-30.8019],[25.5066,-30.9344],[25.4455,-31.0952],[25.3501,-31.2277],[25.2151,-31.2016],[24.968,-31.2839],[24.7652,-31.3891],[24.5587,-31.4018],[24.5126,-31.553],[24.4996,-31.7048],[24.3346,-31.7193],[24.1543,-31.758],[24.147,-31.7899],[23.9631,-31.7268],[23.8632,-31.7998],[23.8088,-31.7276],[23.6989,-31.6674],[23.4009,-31.6813],[23.2927,-31.7509],[23.1806,-31.89],[23.0698,-31.9765],[23.0265,-31.8865],[22.943,-31.8564],[22.7564,-31.8339],[22.6055,-31.7766],[22.4774,-31.653],[22.2915,-31.5702],[22.1444,-31.8542],[22.0888,-31.8931],[22.1012,-32.0574],[21.9714,-32.1958],[21.8527,-32.243],[21.7158,-32.2124],[21.5534,-32.2415],[21.4231,-32.3485],[21.3052,-32.3767],[21.1922,-32.4591],[21.1178,-32.6072],[20.8651,-32.6769],[20.8234,-32.7162],[20.7841,-32.8615],[20.7051,-32.9181],[20.5458,-32.9022],[20.4212,-32.9369],[20.2093,-32.7643],[20.1232,-32.5965],[20.0823,-32.4117],[20.2128,-32.2836],[20.1392,-32.1896],[19.9246,-32.3574],[19.8013,-32.3728],[19.7039,-32.4377],[19.6098,-32.4575],[19.5336,-32.6376],[19.4729,-32.5835],[19.4875,-32.4655],[19.4251,-32.31],[19.4926,-32.232],[19.4707,-32.0782],[19.3192,-32.0223],[19.2108,-31.9135],[19.0286,-31.8932],[19.0718,-31.7481],[19.0667,-31.5772],[19.0167,-31.4948],[18.9969,-31.2899],[18.9373,-31.1971],[18.905,-31.0095],[18.9283,-30.9422],[18.9387,-30.724],[18.8426,-30.6951],[18.7352,-30.577],[18.5608,-30.4707],[18.4643,-30.5263],[18.4106,-30.4999],[18.3363,-30.6544],[18.2472,-30.7828],[18.1569,-30.8217],[18.024,-30.7751],[17.8915,-30.9343],[17.7708,-31.1492]],[[25.0135,-28.0682],[25.0534,-28.0582],[25.1291,-27.9291],[25.225,-27.8776],[25.2406,-27.8229],[25.4214,-27.7104],[25.581,-27.6548],[25.6404,-27.6732],[25.7987,-27.5807],[25.8744,-27.6209],[25.9998,-27.6392],[26.2286,-27.4892],[26.2496,-27.426],[26.4501,-27.3529],[26.4859,-27.2538],[26.4111,-27.1768],[26.4897,-27.1386],[26.6449,-26.9993],[26.9142,-26.8899],[27.0439,-26.9288],[27.178,-26.9244],[27.3075,-26.8624],[27.4076,-26.8944],[27.4803,-26.874],[27.5194,-26.7807],[27.5825,-26.7376],[27.5686,-26.6501],[27.3348,-26.6157],[27.2434,-26.64],[27.2298,-26.5035],[27.1913,-26.3819],[27.3244,-26.2865],[27.2905,-26.146],[27.3946,-26.1229],[27.4452,-26.0071],[27.4593,-25.8853],[27.6407,-25.8037],[27.7276,-25.8784],[27.8756,-25.853],[27.9428,-25.8068],[27.9638,-25.5926],[28.0333,-25.4716],[27.9493,-25.4103],[28.0042,-25.3607],[28.1044,-25.3724],[28.2352,-25.3534],[28.2937,-25.3171],[28.2309,-25.2258],[28.1275,-25.2002],[28.1244,-25.1098],[28.222,-25.0776],[28.0982,-25.0094],[27.9658,-24.9851],[27.9062,-25.0033],[27.6676,-24.9708],[27.5872,-24.9968],[27.5457,-25.0928],[27.4879,-25.0557],[27.3665,-25.059],[27.2894,-25.0067],[27.1825,-24.9909],[27.0554,-24.8497],[27.023,-24.724],[26.9443,-24.7895],[26.768,-24.8662],[26.6264,-24.8274],[26.4554,-24.8123],[26.4104,-24.7415],[26.3972,-24.6136]],[[25.4675,-30.6131],[25.6112,-30.6063],[25.6345,-30.6565],[25.7254,-30.6806],[26.0599,-30.5138],[26.2047,-30.5255],[26.3114,-30.5815],[26.4416,-30.5596],[26.5346,-30.6511],[26.7027,-30.6751],[26.7808,-30.6428],[26.9218,-30.6553],[27.0104,-30.5329],[27.1319,-30.5017],[27.2978,-30.4882],[27.3835,-30.3085]],[[24.147,-31.7899],[24.1298,-31.8575],[24.1816,-31.9516],[24.1223,-32.0031],[24.0901,-32.1248],[24.0288,-32.1746],[23.8854,-32.228],[23.7571,-32.1959],[23.6737,-32.2393],[23.6016,-32.3247],[23.3254,-32.3546],[23.2425,-32.4245],[23.2371,-32.5053],[23.2782,-32.6675],[23.3704,-32.7682],[23.3269,-32.8077],[23.195,-32.808],[23.0007,-32.8892],[22.9162,-33.0141],[22.9157,-33.0956],[22.7452,-33.3279],[22.7495,-33.4016],[23.0295,-33.39],[23.2616,-33.3989],[23.4374,-33.4326],[23.5634,-33.496],[23.6182,-33.644],[23.4373,-33.712],[23.3665,-33.7807],[23.5442,-33.7963],[23.6868,-33.872],[23.6349,-33.9885]],[[28.2937,-25.3171],[28.4332,-25.3221],[28.5271,-25.2697],[28.6631,-25.2475],[28.6057,-25.1579],[28.7518,-25.1149],[28.7829,-25.2278],[28.6294,-25.3329],[28.6278,-25.527],[28.6698,-25.6639],[28.7635,-25.7062],[28.8588,-25.6319],[28.8039,-25.5416],[28.9202,-25.5518],[28.976,-25.6737],[28.9412,-25.8698],[28.8815,-25.8957],[28.8701,-26.0049],[28.778,-26.0122],[28.6343,-25.973],[28.581,-26.0586],[28.501,-26.08],[28.5325,-26.2211],[28.7183,-26.3384],[28.8071,-26.308],[28.8637,-26.4006],[28.7958,-26.4267],[28.7667,-26.5163],[28.644,-26.5077],[28.5293,-26.5655],[28.5064,-26.6129],[28.4016,-26.6594],[28.4081,-26.7589],[28.3038,-26.8294],[28.2558,-26.8936],[28.044,-26.818],[27.9697,-26.6713],[27.8823,-26.7243],[27.6435,-26.7641],[27.5825,-26.7376]],[[28.2558,-26.8936],[28.3858,-26.9329],[28.4264,-26.9826],[28.6413,-27.0099],[28.6518,-26.9557],[28.8227,-27.0391],[28.9586,-26.995],[29.0574,-27.0303],[29.1256,-27.1539],[29.1777,-27.1381],[29.4423,-27.2532],[29.4846,-27.3422],[29.6153,-27.5018],[29.7712,-27.4523],[29.7161,-27.5177],[29.7664,-27.6053],[29.6826,-27.668],[29.7219,-27.811],[29.6241,-28.0481],[29.6753,-28.121],[29.5889,-28.2502],[29.4884,-28.2682],[29.4073,-28.3569],[29.2348,-28.4396],[29.1889,-28.5355],[28.973,-28.5748],[28.8563,-28.7761]],[[29.7712,-27.4523],[29.9292,-27.3644],[30.1334,-27.3792],[30.281,-27.302],[30.4225,-27.2752],[30.4438,-27.3088],[30.5749,-27.3108],[30.6619,-27.2767],[30.8333,-27.3342],[30.9016,-27.3112],[30.9801,-27.3547],[31.1511,-27.324],[31.274,-27.2384]],[[28.6057,-25.1579],[28.392,-25.2237],[28.3545,-25.1886],[28.4588,-25.1173],[28.6294,-25.0515],[28.6116,-25.0018],[28.7316,-24.9428],[28.8976,-24.9564],[28.9687,-25.072],[29.043,-25.1422],[29.0381,-25.2694],[29.0995,-25.3176],[29.1658,-25.3045],[29.211,-25.4081],[29.2676,-25.3745],[29.3532,-25.4037],[29.5277,-25.411],[29.6714,-25.3702],[29.77,-25.395],[29.8863,-25.3439],[30.0042,-25.3322],[30.0075,-25.1496],[30.0349,-25.072],[30.1238,-25.1232],[30.1852,-25.0223],[30.1836,-24.8553],[30.35,-24.8772],[30.421,-24.8509],[30.4921,-24.9476],[30.6585,-24.8186],[30.7199,-24.7042],[30.6731,-24.6176],[30.7345,-24.5823],[30.7651,-24.4647],[30.9752,-24.5816],[31.2207,-24.5566],[31.2595,-24.5081],[31.1626,-24.3787],[31.1949,-24.311],[31.0592,-24.3213],[31.0511,-24.1902],[31.1109,-24.0973],[31.203,-24.0353],[31.2485,-24.1007],[31.4126,-24.0541],[31.4456,-24.0227],[31.7123,-24.05],[31.78,-23.9653],[31.828,-23.9638]],[[30.1944,-31.0746],[30.1258,-30.9344],[30.0636,-30.859],[29.9742,-30.8318],[29.7939,-30.7088],[29.6024,-30.6883],[29.4761,-30.6202],[29.3202,-30.6553],[29.2203,-30.618],[29.163,-30.5548],[29.2003,-30.4364],[29.2964,-30.3742],[29.2977,-30.3178],[29.175,-30.2856],[29.1016,-30.1738],[29.1156,-30.0781],[29.0144,-29.9762]]]}}]}